{"stats":{"minecraft:picked_up":{"minecraft:iron_chestplate":2,"minecraft:leather":3,"minecraft:oak_stairs":2,"minecraft:enchanted_book":2,"minecraft:oak_trapdoor":7,"minecraft:dirt":1,"minecraft:iron_leggings":1,"minecraft:leather_boots":1,"minecraft:item_frame":2,"minecraft:smooth_sandstone":12,"minecraft:bone":2,"minecraft:wheat_seeds":1,"minecraft:iron_ingot":2,"minecraft:beef":7,"minecraft:stripped_oak_wood":21,"quark:black_shard":15,"minecraft:iron_pickaxe":1,"minecraft:sugar_cane":2,"minecraft:oak_planks":15,"minecraft:iron_sword":2,"minecraft:book":12,"minecraft:oak_slab":5,"apotheosis:gem":10,"minecraft:sandstone_wall":6,"tombstone:grave_dust":4,"minecraft:carrot":13,"minecraft:lily_of_the_valley":1,"minecraft:redstone":1,"minecraft:chiseled_sandstone":3,"alexsmobs:animal_dictionary":2,"minecraft:leather_helmet":1,"minecraft:arrow":1,"minecraft:rotten_flesh":6,"minecraft:sugar":2,"minecraft:chainmail_leggings":2,"minecraft:emerald":1,"minecraft:bricks":1,"minecraft:wooden_axe":1},"minecraft:killed_by":{"mowziesmobs:naga":2},"minecraft:used":{"minecraft:iron_sword":93,"minecraft:rotten_flesh":4,"minecraft:iron_chestplate":4,"minecraft:dirt":1,"minecraft:carrot":20,"minecraft:redstone_torch":1},"minecraft:killed":{"minecraft:witch":1,"minecraft:skeleton":1,"minecraft:zombie":5,"minecraft:chicken":1,"minecraft:cow":4},"minecraft:mined":{"farmersdelight:wild_carrots":13,"minecraft:dandelion":2,"minecraft:grass_block":1,"minecraft:sugar_cane":1,"minecraft:grass":9},"minecraft:crafted":{"minecraft:stick":4},"minecraft:custom":{"lootr:looted_stat":7,"minecraft:mob_kills":12,"tombstone:raider_killed":1,"minecraft:interact_with_crafting_table":1,"minecraft:damage_dealt_resisted":0,"minecraft:leave_game":1,"minecraft:time_since_death":16883,"minecraft:climb_one_cm":14736,"minecraft:damage_resisted":100,"minecraft:time_since_rest":16205,"minecraft:sprint_one_cm":65896,"minecraft:damage_taken":1131,"minecraft:walk_one_cm":78082,"minecraft:drop":51,"minecraft:damage_dealt":2891,"minecraft:swim_one_cm":13772,"minecraft:fly_one_cm":141632,"minecraft:crouch_one_cm":6068,"minecraft:play_time":27756,"tombstone:undead_killed":6,"minecraft:deaths":2,"minecraft:sneak_time":910,"minecraft:walk_under_water_one_cm":4793,"minecraft:jump":579,"minecraft:walk_on_water_one_cm":1602,"minecraft:total_world_time":27756,"minecraft:fall_one_cm":21698},"minecraft:dropped":{"minecraft:enchanted_book":2,"minecraft:iron_ingot":2,"minecraft:bricks":1,"minecraft:iron_sword":3,"minecraft:oak_slab":5,"minecraft:wheat_seeds":1,"minecraft:oak_trapdoor":3,"alexsmobs:animal_dictionary":2,"minecraft:book":6,"minecraft:oak_planks":8,"minecraft:item_frame":2,"minecraft:stick":4,"minecraft:sandstone_wall":6,"minecraft:iron_chestplate":2,"apotheosis:gem":6,"minecraft:oak_stairs":1,"minecraft:stripped_oak_wood":5,"minecraft:chainmail_leggings":2,"minecraft:smooth_sandstone":12}},"DataVersion":3465}