{"stats":{"minecraft:picked_up":{"minecraft:book":6,"minecraft:item_frame":1,"minecraft:oak_slab":3,"apotheosis:gem":7,"minecraft:smooth_sandstone":12,"minecraft:oak_stairs":1,"minecraft:sandstone_wall":6,"minecraft:stripped_oak_wood":16,"minecraft:lily_of_the_valley":1,"minecraft:oak_planks":7,"minecraft:chiseled_sandstone":3,"minecraft:oak_trapdoor":4,"minecraft:dirt":1},"minecraft:used":{"minecraft:iron_chestplate":1,"minecraft:dirt":1},"minecraft:mined":{"minecraft:grass":1,"minecraft:grass_block":1},"minecraft:custom":{"minecraft:time_since_rest":5266,"minecraft:play_time":5266,"lootr:looted_stat":1,"minecraft:sprint_one_cm":18271,"minecraft:damage_taken":174,"minecraft:walk_one_cm":13222,"minecraft:sneak_time":111,"minecraft:drop":4,"minecraft:jump":136,"minecraft:time_since_death":5266,"minecraft:total_world_time":5266,"minecraft:fall_one_cm":4052,"minecraft:fly_one_cm":29341,"minecraft:crouch_one_cm":447},"minecraft:dropped":{"apotheosis:gem":4}},"DataVersion":3465}