{"stats":{"minecraft:used":{"minecraft:trident":18,"minecraft:iron_shovel":66,"minecraft:iron_sword":240,"lootr:trophy":1,"minecraft:cooked_chicken":2,"minecraft:rotten_flesh":4,"minecraft:iron_chestplate":8,"minecraft:torch":111,"minecraft:dirt":31,"minecraft:cut_copper":3,"minecraft:carrot":25,"minecraft:diamond_helmet":4,"minecraft:dark_oak_planks":4,"minecraft:music_disc_mellohi":1,"minecraft:wooden_axe":21,"minecraft:grass_block":41,"minecraft:slime_block":1,"minecraft:packed_mud":3,"villagersplus:occultist_table":1,"minecraft:iron_helmet":5,"minecraft:iron_boots":4,"minecraft:dark_oak_slab":6,"minecraft:mud_bricks":6,"minecraft:diamond_chestplate":6,"minecraft:golden_carrot":48,"minecraft:hay_block":1,"minecraft:soul_soil":3,"minecraft:goat_horn":2,"tombstone:gift":9,"minecraft:cooked_beef":15,"minecraft:iron_leggings":1,"tombstone:scroll_of_mercy":1,"minecraft:baked_potato":1,"minecraft:oak_planks":24,"minecraft:golden_apple":10,"minecraft:mossy_cobblestone":2,"minecraft:crafting_table":1,"tombstone:tablet_of_home":1,"minecraft:note_block":3,"minecraft:redstone_torch":3,"minecraft:diamond_pickaxe":77,"minecraft:iron_pickaxe":269,"tombstone:grave_key":4,"minecraft:bread":18,"iceandfire:graveyard_soil":3,"minecraft:diamond_sword":644,"minecraft:coal_block":2,"minecraft:stripped_oak_wood":3,"minecraft:coarse_dirt":2,"minecraft:yellow_bed":1,"minecraft:wither_rose":1,"minecraft:chainmail_leggings":1},"minecraft:dropped":{"minecraft:enchanted_book":3,"minecraft:golden_boots":1,"minecraft:iron_ingot":2,"minecraft:bread":64,"minecraft:iron_sword":3,"minecraft:oak_slab":5,"minecraft:piston":1,"minecraft:wheat_seeds":1,"minecraft:lapis_lazuli":22,"minecraft:mossy_cobblestone":17,"minecraft:crafting_table":1,"minecraft:diamond_leggings":1,"minecraft:dark_oak_slab":1,"minecraft:iron_helmet":2,"minecraft:cobblestone":11,"minecraft:book":6,"minecraft:mossy_stone_brick_stairs":4,"minecraft:cracked_stone_bricks":5,"minecraft:polished_blackstone_button":2,"alexsmobs:bison_fur":10,"minecraft:leather_helmet":1,"minecraft:item_frame":2,"minecraft:stick":4,"minecraft:dirt":3,"minecraft:wooden_axe":1,"tombstone:grave_dust":23,"minecraft:oak_stairs":1,"minecraft:mossy_cobblestone_stairs":2,"minecraft:stripped_oak_wood":5,"minecraft:chainmail_leggings":2,"minecraft:string":2,"minecraft:smooth_sandstone":12,"minecraft:white_wool":1,"minecraft:cyan_carpet":2,"minecraft:gold_ingot":1,"minecraft:gravel":3,"lootr:trophy":1,"minecraft:bricks":1,"minecraft:moss_carpet":2,"minecraft:waxed_cut_copper_stairs":3,"minecraft:oak_trapdoor":3,"minecraft:player_head":5,"minecraft:coarse_dirt":2,"alexsmobs:animal_dictionary":2,"iceandfire:witherbone":9,"minecraft:rotten_flesh":20,"minecraft:iron_boots":1,"minecraft:oak_planks":12,"minecraft:nether_bricks":1,"minecraft:chiseled_stone_bricks":2,"minecraft:filled_map":1,"minecraft:sandstone_wall":6,"minecraft:cobblestone_slab":1,"aether:chainmail_gloves":1,"minecraft:waxed_cut_copper":4,"minecraft:spruce_trapdoor":1,"minecraft:iron_chestplate":2,"minecraft:quartz_block":8,"minecraft:honey_block":1,"minecraft:mossy_stone_bricks":3,"apotheosis:gem":6,"minecraft:leather_boots":3,"minecraft:chest":1,"minecraft:redstone_torch":3,"minecraft:spider_eye":6,"minecraft:stone_bricks":3,"minecraft:spruce_slab":2,"minecraft:iron_bars":19,"minecraft:calcite":16,"minecraft:stone_brick_stairs":6,"farmersdelight:straw_bale":1},"minecraft:killed_by":{"minecraft:skeleton":3,"iceandfire:ghost":1,"iceandfire:fire_dragon":2,"mowziesmobs:naga":2},"minecraft:custom":{"lootr:looted_stat":160,"minecraft:mob_kills":162,"minecraft:interact_with_crafting_table":12,"minecraft:open_barrel":1,"minecraft:damage_dealt_resisted":0,"minecraft:leave_game":9,"minecraft:time_since_death":1301,"minecraft:damage_resisted":519,"minecraft:climb_one_cm":29910,"minecraft:sprint_one_cm":1264427,"minecraft:walk_one_cm":733971,"minecraft:drop":164,"minecraft:play_noteblock":24,"minecraft:damage_dealt_absorbed":53,"minecraft:talked_to_villager":2,"minecraft:play_time":315185,"minecraft:sneak_time":7736,"minecraft:deaths":10,"minecraft:walk_under_water_one_cm":22371,"minecraft:jump":5561,"minecraft:walk_on_water_one_cm":26168,"minecraft:total_world_time":315185,"minecraft:interact_with_furnace":1,"tombstone:raider_killed":7,"minecraft:play_record":1,"minecraft:tune_noteblock":11,"minecraft:sleep_in_bed":5,"minecraft:waystone_activated":2,"minecraft:time_since_rest":1,"minecraft:damage_absorbed":373,"minecraft:open_enderchest":1,"minecraft:damage_taken":10567,"minecraft:trigger_trapped_chest":7,"minecraft:damage_dealt":40225,"tombstone:cast_on_ally":1,"minecraft:swim_one_cm":53892,"minecraft:fly_one_cm":1340593,"minecraft:open_chest":66,"minecraft:crouch_one_cm":30772,"tombstone:undead_killed":95,"minecraft:fall_one_cm":174533,"minecraft:horse_one_cm":860741},"minecraft:killed":{"minecraft:witch":1,"minecraft:vindicator":1,"minecraft:spider":3,"alexsmobs:seagull":3,"minecraft:skeleton":35,"minecraft:bee":1,"bygonenether:wraither":5,"bygonenether:wither_skeleton_knight":1,"minecraft:chicken":1,"alexsmobs:soul_vulture":1,"alexsmobs:bison":8,"minecraft:illusioner":1,"minecraft:magma_cube":22,"minecraft:pig":1,"quark:foxhound":1,"minecraft:creeper":3,"alexsmobs:crimson_mosquito":2,"minecraft:sheep":1,"minecraft:pillager":4,"minecraft:zombie":19,"iceandfire:ghost":10,"minecraft:stray":2,"alexsmobs:crow":1,"minecraft:wither_skeleton":19,"bygonenether:wex":5,"quark:wraith":1,"bygonenether:corpor":2,"minecraft:cow":8},"minecraft:broken":{"aether:golden_gloves":1,"minecraft:iron_boots":1,"minecraft:iron_leggings":1,"minecraft:iron_helmet":1},"minecraft:picked_up":{"minecraft:coarse_dirt":2,"minecraft:iron_chestplate":3,"iceandfire:witherbone":10,"tombstone:tablet_of_home":1,"minecraft:oak_stairs":2,"minecraft:wither_rose":1,"minecraft:enchanted_book":2,"minecraft:shield":2,"minecraft:oak_trapdoor":7,"minecraft:soul_soil":3,"minecraft:iron_leggings":1,"minecraft:item_frame":2,"minecraft:iron_shovel":1,"iceandfire:graveyard_soil":3,"minecraft:diamond_leggings":1,"minecraft:beef":10,"minecraft:redstone_torch":3,"minecraft:player_head":2,"quark:black_shard":15,"minecraft:iron_pickaxe":1,"minecraft:coal_block":5,"minecraft:sugar_cane":2,"minecraft:chest":1,"minecraft:spruce_trapdoor":1,"minecraft:piston":1,"minecraft:iron_boots":1,"apotheosis:gem":12,"minecraft:torch":16,"minecraft:note_block":3,"minecraft:sandstone_wall":6,"tombstone:grave_dust":14,"minecraft:carrot":14,"minecraft:redstone":1,"minecraft:dark_oak_planks":2,"minecraft:waxed_cut_copper_stairs":3,"minecraft:stone_sword":3,"minecraft:arrow":1,"minecraft:rotten_flesh":6,"minecraft:nether_bricks":2,"aether:chainmail_gloves":1,"minecraft:hay_block":58,"minecraft:blackstone_stairs":1,"minecraft:mud_bricks":10,"minecraft:magma_cream":9,"minecraft:leather":3,"minecraft:packed_mud":5,"minecraft:oak_log":1,"minecraft:chainmail_chestplate":1,"minecraft:yellow_bed":1,"minecraft:lapis_lazuli":22,"minecraft:dirt":15,"minecraft:leather_boots":2,"minecraft:smooth_sandstone":12,"minecraft:bone":8,"minecraft:wheat_seeds":1,"minecraft:iron_ingot":2,"minecraft:stripped_oak_wood":21,"quark:soul_bead":1,"minecraft:iron_sword":2,"minecraft:oak_planks":15,"minecraft:dark_oak_stairs":1,"minecraft:book":12,"minecraft:oak_slab":5,"minecraft:black_terracotta":1,"minecraft:nether_brick_stairs":26,"minecraft:lily_of_the_valley":1,"minecraft:chiseled_sandstone":3,"minecraft:spider_eye":6,"alexsmobs:animal_dictionary":2,"minecraft:leather_helmet":1,"minecraft:bundle":1,"minecraft:sugar":2,"minecraft:slime_block":1,"minecraft:stone_axe":1,"minecraft:honey_block":1,"minecraft:polished_blackstone_button":2,"minecraft:chainmail_leggings":2,"minecraft:golden_apple":1,"minecraft:emerald":5,"tombstone:magic_scroll":1,"minecraft:netherrack":1,"minecraft:bricks":1,"minecraft:coal":12,"minecraft:wooden_axe":2},"minecraft:mined":{"minecraft:dark_oak_planks":4,"iceandfire:graveyard_soil":7,"minecraft:mossy_cobblestone":14,"minecraft:black_terracotta":3,"farmersdelight:wild_carrots":13,"minecraft:cobblestone_stairs":2,"minecraft:dark_oak_log":3,"minecraft:brewing_stand":3,"minecraft:spruce_trapdoor":3,"minecraft:grass_block":62,"minecraft:coal_block":3,"minecraft:soul_soil":4,"minecraft:spruce_leaves":8,"minecraft:mud_brick_wall":1,"minecraft:mud_bricks":16,"minecraft:rooted_dirt":1,"minecraft:spawner":17,"minecraft:large_fern":3,"minecraft:hay_block":110,"minecraft:weeping_vines_plant":1,"minecraft:oak_trapdoor":1,"minecraft:packed_mud":5,"minecraft:mossy_cobblestone_stairs":3,"minecraft:fire":14,"minecraft:nether_brick_stairs":27,"minecraft:dark_oak_stairs":1,"minecraft:mossy_stone_brick_stairs":1,"minecraft:bookshelf":3,"minecraft:dirt_path":1,"minecraft:vine":8,"minecraft:oak_stairs":1,"minecraft:iron_bars":15,"minecraft:stripped_oak_log":4,"minecraft:potted_cornflower":1,"minecraft:stone":21,"minecraft:granite_stairs":2,"minecraft:spruce_slab":3,"minecraft:waxed_cut_copper_stairs":6,"minecraft:waxed_cut_copper":6,"minecraft:oak_slab":3,"minecraft:quartz_block":6,"minecraft:polished_deepslate_stairs":1,"minecraft:dandelion":2,"minecraft:powder_snow":1,"iceandfire:dragon_ice_spikes":1,"minecraft:note_block":5,"minecraft:torch":13,"farmersdelight:straw_bale":1,"minecraft:honey_block":1,"minecraft:blast_furnace":2,"minecraft:mud_brick_stairs":2,"minecraft:white_stained_glass_pane":1,"minecraft:tall_grass":6,"minecraft:cobblestone":13,"minecraft:slime_block":1,"minecraft:oak_planks":4,"minecraft:sugar_cane":1,"minecraft:wall_torch":16,"minecraft:coarse_dirt":4,"lootr:trophy":1,"minecraft:dark_oak_slab":1,"minecraft:tinted_glass":3,"minecraft:spruce_log":1,"minecraft:stone_brick_stairs":2,"minecraft:tnt":4,"minecraft:wither_rose":1,"minecraft:yellow_bed":2,"minecraft:yellow_stained_glass_pane":1,"minecraft:grass":39,"minecraft:oak_log":24,"minecraft:gravel":2,"minecraft:gray_carpet":1,"minecraft:dirt":31,"minecraft:cracked_stone_bricks":4,"villagersplus:occultist_table":1,"minecraft:stone_bricks":3,"minecraft:netherrack":3,"minecraft:mossy_stone_bricks":2,"minecraft:piston":1,"minecraft:oak_leaves":30},"minecraft:crafted":{"minecraft:golden_carrot":24,"minecraft:oak_planks":9,"tombstone:grave_key":1,"minecraft:dark_oak_planks":3,"sophisticatedbackpacks:iron_backpack":1,"minecraft:wheat":501,"minecraft:crafting_table":1,"sophisticatedbackpacks:gold_backpack":1,"minecraft:gold_block":16,"minecraft:bread":167,"minecraft:air":96,"minecraft:dark_oak_slab":6,"minecraft:gold_nugget":306,"sophisticatedbackpacks:diamond_backpack":1,"minecraft:stick":32,"minecraft:gold_ingot":12,"minecraft:torch":64}},"DataVersion":3465}