{"stats":{"minecraft:killed":{"minecraft:witch":1,"minecraft:spider":3,"minecraft:skeleton":35,"minecraft:bee":1,"minecraft:chicken":1,"minecraft:illusioner":1,"minecraft:magma_cube":22,"minecraft:pig":2,"minecraft:creeper":3,"alexsmobs:crimson_mosquito":2,"minecraft:sheep":1,"minecraft:pillager":4,"minecraft:zombie":19,"minecraft:stray":2,"bygonenether:corpor":2,"minecraft:cow":8,"minecraft:vindicator":1,"alexsmobs:seagull":3,"bygonenether:wraither":5,"bygonenether:wither_skeleton_knight":1,"alexsmobs:soul_vulture":1,"alexsmobs:bison":8,"quark:foxhound":1,"iceandfire:ghost":19,"alexsmobs:crow":1,"minecraft:wither_skeleton":19,"bygonenether:wex":5,"quark:wraith":1},"minecraft:used":{"minecraft:iron_shovel":66,"minecraft:iron_sword":240,"lootr:trophy":1,"minecraft:rotten_flesh":4,"minecraft:iron_chestplate":8,"minecraft:cut_copper":3,"minecraft:carrot":25,"minecraft:grass_block":41,"minecraft:packed_mud":3,"minecraft:iron_helmet":5,"minecraft:dark_oak_slab":6,"minecraft:hay_block":1,"minecraft:oak_planks":24,"minecraft:golden_apple":10,"minecraft:note_block":3,"minecraft:redstone_torch":3,"minecraft:bread":18,"tombstone:grave_key":5,"minecraft:diamond_sword":679,"minecraft:coal_block":2,"minecraft:stripped_oak_wood":3,"minecraft:coarse_dirt":2,"minecraft:trident":18,"minecraft:cooked_chicken":2,"minecraft:torch":111,"minecraft:dirt":38,"minecraft:diamond_helmet":4,"minecraft:music_disc_mellohi":1,"minecraft:wooden_axe":21,"minecraft:dark_oak_planks":4,"minecraft:slime_block":1,"villagersplus:occultist_table":1,"minecraft:iron_boots":4,"minecraft:mud_bricks":6,"minecraft:diamond_chestplate":6,"minecraft:golden_carrot":52,"minecraft:soul_soil":3,"minecraft:goat_horn":4,"tombstone:gift":9,"minecraft:cooked_beef":15,"minecraft:iron_leggings":1,"tombstone:scroll_of_mercy":1,"minecraft:baked_potato":1,"minecraft:mossy_cobblestone":2,"minecraft:crafting_table":1,"tombstone:tablet_of_home":1,"minecraft:diamond_pickaxe":77,"minecraft:cornflower":1,"minecraft:iron_pickaxe":269,"iceandfire:graveyard_soil":3,"minecraft:yellow_bed":1,"minecraft:wither_rose":1,"minecraft:dandelion":3,"minecraft:chainmail_leggings":1},"minecraft:killed_by":{"mowziesmobs:naga":2,"iceandfire:fire_dragon":2,"minecraft:skeleton":3,"iceandfire:ghost":1},"minecraft:dropped":{"minecraft:iron_sword":3,"minecraft:piston":1,"minecraft:lapis_lazuli":22,"minecraft:diamond":1,"minecraft:crafting_table":1,"minecraft:dark_oak_slab":1,"minecraft:mossy_stone_brick_stairs":4,"minecraft:cracked_stone_bricks":5,"alexsmobs:bison_fur":10,"minecraft:leather_helmet":1,"minecraft:item_frame":2,"minecraft:dirt":3,"create:iron_sheet":3,"minecraft:stripped_oak_wood":5,"minecraft:white_wool":1,"minecraft:cyan_carpet":2,"minecraft:gold_ingot":1,"minecraft:gravel":3,"lootr:trophy":1,"minecraft:waxed_cut_copper_stairs":3,"minecraft:goat_horn":1,"alexsmobs:animal_dictionary":2,"minecraft:rotten_flesh":20,"minecraft:oak_planks":12,"minecraft:chiseled_stone_bricks":2,"minecraft:sandstone_wall":6,"quark:hollow_oak_log":1,"minecraft:honey_block":1,"minecraft:quartz_block":8,"minecraft:leather_boots":3,"apotheosis:gem":6,"minecraft:chest":1,"minecraft:spruce_slab":2,"minecraft:iron_bars":19,"minecraft:stone_brick_stairs":6,"farmersdelight:straw_bale":1,"minecraft:enchanted_book":3,"minecraft:golden_boots":1,"minecraft:iron_ingot":2,"minecraft:bread":64,"minecraft:oak_slab":5,"minecraft:wheat_seeds":1,"minecraft:mossy_cobblestone":17,"minecraft:diamond_leggings":1,"minecraft:iron_helmet":2,"minecraft:cobblestone":11,"minecraft:book":6,"minecraft:polished_blackstone_button":2,"minecraft:stick":4,"minecraft:wooden_axe":1,"tombstone:grave_dust":23,"minecraft:oak_stairs":1,"minecraft:mossy_cobblestone_stairs":2,"minecraft:chainmail_leggings":2,"minecraft:smooth_sandstone":12,"minecraft:string":2,"minecraft:bricks":1,"minecraft:moss_carpet":2,"minecraft:oak_trapdoor":3,"minecraft:player_head":5,"minecraft:coarse_dirt":2,"iceandfire:witherbone":9,"minecraft:iron_boots":1,"minecraft:nether_bricks":1,"minecraft:filled_map":1,"minecraft:cobblestone_slab":1,"minecraft:bundle":1,"aether:chainmail_gloves":1,"minecraft:waxed_cut_copper":4,"minecraft:spruce_trapdoor":1,"minecraft:iron_chestplate":2,"minecraft:mossy_stone_bricks":3,"minecraft:redstone_torch":3,"minecraft:stone_bricks":3,"minecraft:spider_eye":6,"minecraft:calcite":16},"minecraft:custom":{"lootr:looted_stat":160,"minecraft:interact_with_crafting_table":12,"minecraft:open_barrel":1,"minecraft:leave_game":11,"minecraft:time_since_death":19998,"minecraft:damage_resisted":519,"minecraft:sprint_one_cm":1308112,"minecraft:drop":169,"minecraft:play_noteblock":24,"minecraft:talked_to_villager":2,"minecraft:play_time":333882,"minecraft:deaths":10,"minecraft:jump":5851,"minecraft:walk_on_water_one_cm":29287,"minecraft:interact_with_furnace":1,"minecraft:play_record":1,"minecraft:sleep_in_bed":6,"minecraft:waystone_activated":2,"minecraft:open_enderchest":1,"minecraft:damage_dealt":42833,"minecraft:crouch_one_cm":31870,"tombstone:undead_killed":104,"minecraft:horse_one_cm":860741,"minecraft:mob_kills":172,"minecraft:damage_dealt_resisted":0,"minecraft:climb_one_cm":30440,"minecraft:walk_one_cm":783155,"minecraft:damage_dealt_absorbed":53,"minecraft:sneak_time":8441,"minecraft:walk_under_water_one_cm":24368,"minecraft:total_world_time":333882,"tombstone:raider_killed":7,"minecraft:tune_noteblock":11,"minecraft:time_since_rest":9971,"minecraft:damage_taken":10793,"minecraft:damage_absorbed":373,"minecraft:trigger_trapped_chest":9,"tombstone:cast_on_ally":1,"minecraft:swim_one_cm":70704,"minecraft:fly_one_cm":1393999,"minecraft:open_chest":66,"minecraft:fall_one_cm":180532},"minecraft:crafted":{"minecraft:oak_planks":9,"tombstone:grave_key":1,"minecraft:crafting_table":1,"minecraft:gold_block":16,"minecraft:dark_oak_slab":6,"sophisticatedbackpacks:diamond_backpack":1,"minecraft:stick":32,"minecraft:gold_ingot":12,"minecraft:golden_carrot":24,"minecraft:dark_oak_planks":3,"minecraft:wheat":501,"sophisticatedbackpacks:iron_backpack":1,"sophisticatedbackpacks:gold_backpack":1,"minecraft:bread":167,"minecraft:air":96,"minecraft:gold_nugget":306,"minecraft:torch":64},"minecraft:mined":{"minecraft:dark_oak_planks":4,"iceandfire:graveyard_soil":7,"minecraft:black_terracotta":3,"minecraft:cobblestone_stairs":2,"minecraft:brewing_stand":3,"minecraft:spruce_trapdoor":3,"minecraft:grass_block":66,"minecraft:soul_soil":4,"minecraft:coal_block":3,"minecraft:mud_bricks":16,"minecraft:mud_brick_wall":1,"minecraft:spawner":17,"minecraft:weeping_vines_plant":1,"minecraft:mossy_cobblestone_stairs":3,"minecraft:fire":14,"minecraft:nether_brick_stairs":27,"minecraft:dark_oak_stairs":1,"minecraft:dirt_path":1,"minecraft:oak_stairs":1,"minecraft:iron_bars":15,"minecraft:potted_cornflower":1,"minecraft:granite_stairs":2,"minecraft:spruce_slab":3,"minecraft:waxed_cut_copper":6,"minecraft:waxed_cut_copper_stairs":6,"minecraft:quartz_block":6,"minecraft:polished_deepslate_stairs":1,"minecraft:powder_snow":1,"iceandfire:dragon_ice_spikes":1,"minecraft:torch":13,"minecraft:note_block":5,"minecraft:blast_furnace":2,"minecraft:mud_brick_stairs":2,"minecraft:white_stained_glass_pane":1,"minecraft:cobblestone":13,"minecraft:slime_block":1,"minecraft:sugar_cane":1,"minecraft:oak_planks":4,"minecraft:wall_torch":16,"minecraft:dark_oak_slab":1,"lootr:trophy":1,"minecraft:tinted_glass":3,"minecraft:tnt":4,"minecraft:wither_rose":1,"minecraft:stone_brick_stairs":2,"minecraft:yellow_stained_glass_pane":1,"minecraft:grass":44,"minecraft:oak_log":24,"minecraft:dirt":34,"villagersplus:occultist_table":1,"minecraft:netherrack":3,"minecraft:piston":1,"minecraft:oak_leaves":33,"minecraft:mossy_cobblestone":14,"farmersdelight:wild_carrots":13,"minecraft:dark_oak_log":3,"minecraft:spruce_leaves":8,"minecraft:rooted_dirt":1,"minecraft:large_fern":3,"minecraft:hay_block":110,"minecraft:oak_trapdoor":1,"minecraft:packed_mud":5,"minecraft:mossy_stone_brick_stairs":1,"minecraft:bookshelf":3,"minecraft:vine":8,"minecraft:stripped_oak_log":4,"minecraft:stone":21,"minecraft:oak_slab":3,"minecraft:dandelion":2,"minecraft:honey_block":1,"farmersdelight:straw_bale":1,"minecraft:tall_grass":8,"minecraft:coarse_dirt":4,"minecraft:spruce_log":1,"minecraft:yellow_bed":2,"minecraft:gravel":2,"minecraft:gray_carpet":1,"minecraft:cracked_stone_bricks":4,"minecraft:stone_bricks":3,"minecraft:mossy_stone_bricks":2},"minecraft:picked_up":{"minecraft:iron_chestplate":3,"tombstone:tablet_of_home":1,"minecraft:oak_stairs":2,"minecraft:wither_rose":1,"minecraft:enchanted_book":2,"minecraft:soul_soil":3,"minecraft:iron_leggings":1,"minecraft:diamond_leggings":1,"minecraft:redstone_torch":3,"minecraft:iron_pickaxe":1,"quark:black_shard":15,"minecraft:coal_block":5,"minecraft:iron_boots":1,"apotheosis:gem":12,"minecraft:torch":16,"minecraft:sandstone_wall":6,"tombstone:grave_dust":14,"minecraft:waxed_cut_copper_stairs":3,"minecraft:stone_sword":3,"minecraft:rotten_flesh":6,"aether:chainmail_gloves":1,"minecraft:blackstone_stairs":1,"minecraft:magma_cream":9,"minecraft:lapis_lazuli":22,"minecraft:dirt":15,"minecraft:leather_boots":2,"minecraft:bone":8,"minecraft:wheat_seeds":1,"quark:soul_bead":1,"minecraft:oak_planks":15,"minecraft:black_terracotta":1,"minecraft:nether_brick_stairs":26,"minecraft:lily_of_the_valley":1,"minecraft:chiseled_sandstone":3,"alexsmobs:animal_dictionary":2,"minecraft:bundle":1,"minecraft:sugar":2,"minecraft:slime_block":1,"minecraft:polished_blackstone_button":2,"minecraft:golden_apple":1,"minecraft:emerald":5,"minecraft:netherrack":1,"minecraft:bricks":1,"minecraft:coarse_dirt":2,"iceandfire:witherbone":10,"minecraft:shield":2,"minecraft:oak_trapdoor":7,"minecraft:item_frame":2,"minecraft:iron_shovel":1,"iceandfire:graveyard_soil":3,"minecraft:beef":10,"minecraft:player_head":2,"minecraft:sugar_cane":2,"minecraft:chest":1,"minecraft:piston":1,"minecraft:spruce_trapdoor":1,"minecraft:note_block":3,"minecraft:carrot":14,"minecraft:redstone":1,"minecraft:dark_oak_planks":2,"minecraft:arrow":1,"minecraft:nether_bricks":2,"minecraft:hay_block":58,"minecraft:mud_bricks":10,"minecraft:leather":3,"minecraft:packed_mud":5,"minecraft:oak_log":1,"minecraft:chainmail_chestplate":1,"minecraft:yellow_bed":1,"minecraft:smooth_sandstone":12,"minecraft:iron_ingot":2,"minecraft:stripped_oak_wood":21,"minecraft:iron_sword":2,"minecraft:dark_oak_stairs":1,"minecraft:book":12,"minecraft:oak_slab":5,"minecraft:spider_eye":6,"minecraft:leather_helmet":1,"minecraft:stone_axe":1,"minecraft:honey_block":1,"minecraft:chainmail_leggings":2,"tombstone:magic_scroll":1,"minecraft:coal":12,"minecraft:wooden_axe":2},"minecraft:broken":{"aether:golden_gloves":1,"minecraft:iron_boots":1,"minecraft:iron_leggings":1,"minecraft:iron_helmet":1}},"DataVersion":3465}