{"stats":{"minecraft:killed":{"minecraft:witch":1,"minecraft:spider":3,"minecraft:skeleton":35,"minecraft:bee":1,"minecraft:chicken":1,"minecraft:illusioner":1,"minecraft:magma_cube":22,"minecraft:pig":2,"minecraft:creeper":3,"alexsmobs:crimson_mosquito":3,"minecraft:sheep":1,"minecraft:pillager":4,"minecraft:zombie":20,"minecraft:stray":2,"alexsmobs:fly":1,"bygonenether:corpor":2,"minecraft:blaze":4,"minecraft:cow":8,"minecraft:vindicator":1,"alexsmobs:seagull":5,"bygonenether:wraither":5,"bygonenether:wither_skeleton_knight":1,"alexsmobs:soul_vulture":1,"alexsmobs:bison":8,"quark:foxhound":1,"iceandfire:ghost":23,"alexsmobs:crow":1,"minecraft:wither_skeleton":19,"bygonenether:wex":5,"quark:wraith":1,"minecraft:enderman":2},"minecraft:used":{"minecraft:iron_shovel":66,"minecraft:iron_sword":240,"lootr:trophy":1,"minecraft:rotten_flesh":4,"minecraft:iron_chestplate":8,"tombstone:scroll_of_preservation":1,"minecraft:cut_copper":3,"minecraft:carrot":25,"ironchest:iron_chest":10,"minecraft:glass":1,"minecraft:grass_block":41,"minecraft:packed_mud":3,"ironfurnaces:crystal_furnace":1,"minecraft:iron_helmet":5,"minecraft:dark_oak_slab":6,"ironfurnaces:iron_furnace":1,"iceandfire:earplugs":2,"minecraft:hay_block":1,"minecraft:furnace":3,"minecraft:oak_planks":24,"minecraft:diamond_axe":29,"minecraft:golden_apple":10,"minecraft:sand":4,"minecraft:note_block":3,"minecraft:redstone_torch":3,"waystones:waystone":1,"quark:hollow_oak_log":4,"minecraft:bread":18,"tombstone:grave_key":5,"minecraft:diamond_sword":729,"minecraft:coal_block":2,"minecraft:stripped_oak_wood":3,"minecraft:oak_boat":1,"minecraft:coarse_dirt":2,"ironchest:crystal_chest":8,"minecraft:trident":18,"minecraft:cooked_chicken":2,"minecraft:torch":111,"minecraft:dirt":46,"minecraft:anvil":1,"ironchest:diamond_chest":6,"villagersplus:oceanographer_table":2,"minecraft:diamond_helmet":5,"minecraft:raw_iron_block":1,"minecraft:mud_brick_stairs":2,"minecraft:music_disc_mellohi":1,"minecraft:dark_oak_planks":4,"minecraft:wooden_axe":21,"minecraft:iron_axe":16,"minecraft:slime_block":1,"villagersplus:occultist_table":1,"minecraft:iron_boots":4,"create:cart_assembler":1,"minecraft:mud_bricks":6,"minecraft:diamond_chestplate":6,"minecraft:golden_carrot":63,"minecraft:soul_soil":3,"minecraft:goat_horn":4,"minecraft:minecart":2,"ironchest:gold_chest":9,"tombstone:gift":9,"minecraft:cooked_beef":15,"minecraft:iron_leggings":1,"tombstone:scroll_of_mercy":1,"minecraft:water_bucket":4,"minecraft:cobblestone_stairs":1,"minecraft:baked_potato":1,"minecraft:mossy_cobblestone":2,"minecraft:lime_bed":1,"minecraft:crafting_table":3,"tombstone:tablet_of_home":1,"minecraft:diamond_pickaxe":246,"minecraft:cornflower":1,"minecraft:diamond_shovel":347,"minecraft:iron_pickaxe":318,"iceandfire:graveyard_soil":3,"minecraft:cobblestone":5,"minecraft:bucket":5,"minecraft:yellow_bed":1,"quark:oak_chest":11,"minecraft:wither_rose":1,"minecraft:dandelion":3,"minecraft:chainmail_leggings":1},"minecraft:killed_by":{"iceandfire:fire_dragon":2,"minecraft:skeleton":3,"iceandfire:ghost":1,"mowziesmobs:naga":2},"minecraft:dropped":{"minecraft:iron_sword":3,"minecraft:piston":1,"minecraft:lapis_lazuli":22,"minecraft:diamond_axe":1,"minecraft:oak_log":17,"minecraft:diamond":1,"minecraft:crafting_table":2,"minecraft:dark_oak_slab":1,"minecraft:mossy_stone_brick_stairs":4,"minecraft:cracked_stone_bricks":5,"alexsmobs:bison_fur":10,"minecraft:leather_helmet":1,"minecraft:item_frame":2,"minecraft:dirt":33,"minecraft:netherite_scrap":18,"minecraft:cornflower":4,"minecraft:mutton":3,"minecraft:sand":64,"create:iron_sheet":3,"minecraft:stripped_oak_wood":5,"minecraft:birch_log":1,"minecraft:white_wool":1,"minecraft:cyan_carpet":2,"minecraft:gold_ingot":1,"minecraft:gravel":3,"lootr:trophy":1,"minecraft:waxed_cut_copper_stairs":4,"minecraft:goat_horn":1,"alexsmobs:animal_dictionary":2,"minecraft:rotten_flesh":20,"minecraft:oak_planks":12,"minecraft:chiseled_stone_bricks":2,"minecraft:sandstone_wall":6,"minecraft:trident":1,"quark:hollow_oak_log":1,"minecraft:leather_boots":3,"minecraft:quartz_block":8,"minecraft:honey_block":1,"apotheosis:gem":6,"minecraft:chest":1,"minecraft:spruce_slab":2,"quark:smithing_template_rune":1,"minecraft:iron_bars":19,"minecraft:stone_brick_stairs":6,"farmersdelight:straw_bale":1,"minecraft:enchanted_book":5,"minecraft:golden_boots":1,"minecraft:iron_ingot":2,"minecraft:bread":64,"minecraft:oak_slab":5,"minecraft:wheat_seeds":1,"minecraft:mossy_cobblestone":25,"minecraft:diamond_leggings":1,"ironchest:gold_chest":1,"minecraft:iron_helmet":2,"minecraft:cobblestone":11,"minecraft:book":6,"minecraft:polished_blackstone_button":2,"minecraft:stick":5,"minecraft:brewing_stand":3,"minecraft:wooden_axe":1,"tombstone:grave_dust":23,"minecraft:oak_stairs":1,"minecraft:mossy_cobblestone_stairs":2,"minecraft:chainmail_leggings":2,"minecraft:string":39,"minecraft:smooth_sandstone":12,"minecraft:bricks":1,"minecraft:moss_carpet":2,"minecraft:warped_nylium":1,"minecraft:oak_trapdoor":3,"minecraft:player_head":5,"iceandfire:ghost_ingot":1,"minecraft:coarse_dirt":2,"iceandfire:witherbone":9,"minecraft:iron_boots":1,"minecraft:nether_bricks":1,"minecraft:filled_map":1,"minecraft:cobblestone_slab":1,"aether:chainmail_gloves":1,"minecraft:waxed_cut_copper":4,"minecraft:spruce_trapdoor":1,"minecraft:bundle":2,"minecraft:iron_chestplate":2,"minecraft:mossy_stone_bricks":3,"minecraft:redstone_torch":3,"minecraft:spider_eye":6,"minecraft:stone_bricks":3,"minecraft:spruce_log":1,"minecraft:bow":1,"minecraft:calcite":16},"minecraft:custom":{"lootr:looted_stat":160,"minecraft:interact_with_crafting_table":56,"minecraft:open_barrel":1,"minecraft:leave_game":12,"minecraft:time_since_death":114732,"minecraft:damage_resisted":519,"minecraft:sprint_one_cm":1440031,"minecraft:drop":197,"minecraft:play_noteblock":24,"minecraft:talked_to_villager":2,"minecraft:play_time":428616,"minecraft:deaths":10,"minecraft:jump":7199,"minecraft:walk_on_water_one_cm":33975,"minecraft:interact_with_furnace":31,"minecraft:play_record":1,"minecraft:sleep_in_bed":9,"minecraft:waystone_activated":3,"minecraft:open_enderchest":1,"minecraft:damage_dealt":46090,"minecraft:crouch_one_cm":54866,"tombstone:undead_killed":109,"minecraft:horse_one_cm":860741,"minecraft:interact_with_anvil":1,"minecraft:mob_kills":187,"minecraft:damage_dealt_resisted":0,"minecraft:climb_one_cm":34242,"minecraft:walk_one_cm":928629,"minecraft:damage_dealt_absorbed":53,"minecraft:sneak_time":13854,"minecraft:walk_under_water_one_cm":24610,"minecraft:boat_one_cm":71426,"minecraft:interact_with_blast_furnace":1,"minecraft:total_world_time":428616,"tombstone:raider_killed":7,"minecraft:tune_noteblock":11,"minecraft:time_since_rest":42400,"minecraft:damage_absorbed":373,"minecraft:damage_taken":11366,"minecraft:trigger_trapped_chest":11,"tombstone:cast_on_ally":2,"minecraft:swim_one_cm":72343,"minecraft:fly_one_cm":1691375,"minecraft:open_chest":169,"minecraft:fall_one_cm":227093},"minecraft:crafted":{"minecraft:oak_planks":93,"ironfurnaces:iron_furnace":1,"minecraft:diamond_shovel":1,"ironfurnaces:diamond_furnace":1,"ironchest:crystal_chest":8,"minecraft:glass":0,"tombstone:grave_key":1,"minecraft:crafting_table":2,"minecraft:gold_block":16,"ironchest:diamond_chest":9,"villagersplus:oceanographer_table":1,"minecraft:dark_oak_slab":6,"quark:oak_chest":9,"ironfurnaces:crystal_furnace":1,"sophisticatedbackpacks:diamond_backpack":1,"minecraft:stick":32,"minecraft:iron_block":3,"minecraft:gold_ingot":12,"minecraft:golden_carrot":24,"ironfurnaces:gold_furnace":1,"minecraft:furnace":3,"minecraft:dark_oak_planks":3,"minecraft:wheat":501,"sophisticatedbackpacks:iron_backpack":1,"ironchest:gold_chest":9,"sophisticatedbackpacks:gold_backpack":1,"minecraft:bucket":1,"minecraft:air":96,"minecraft:bread":167,"minecraft:oak_boat":1,"minecraft:gold_nugget":306,"minecraft:anvil":1,"minecraft:torch":64,"ironchest:iron_chest":9},"minecraft:mined":{"minecraft:dark_oak_planks":4,"iceandfire:graveyard_soil":7,"minecraft:oak_sapling":5,"minecraft:black_terracotta":3,"minecraft:cobblestone_stairs":2,"minecraft:brewing_stand":3,"minecraft:spruce_trapdoor":3,"minecraft:grass_block":66,"minecraft:soul_soil":4,"minecraft:coal_block":3,"minecraft:mud_brick_wall":1,"minecraft:mud_bricks":16,"minecraft:spawner":17,"minecraft:weeping_vines_plant":1,"minecraft:raw_iron_block":1,"minecraft:mossy_cobblestone_stairs":3,"minecraft:fire":18,"ironchest:gold_chest":9,"minecraft:nether_brick_stairs":27,"minecraft:dark_oak_stairs":1,"minecraft:dirt_path":1,"minecraft:oak_stairs":1,"minecraft:iron_bars":15,"minecraft:potted_cornflower":1,"minecraft:granite_stairs":2,"minecraft:spruce_slab":3,"minecraft:waxed_cut_copper":6,"minecraft:waxed_cut_copper_stairs":6,"minecraft:quartz_block":6,"minecraft:polished_deepslate_stairs":1,"minecraft:powder_snow":1,"ironfurnaces:iron_furnace":1,"iceandfire:dragon_ice_spikes":1,"minecraft:torch":13,"minecraft:note_block":5,"minecraft:blast_furnace":2,"minecraft:mud_brick_stairs":3,"minecraft:white_stained_glass_pane":1,"minecraft:mushroom_stem":4,"minecraft:nether_quartz_ore":32,"minecraft:cobblestone":13,"minecraft:slime_block":1,"minecraft:sugar_cane":1,"minecraft:oak_planks":6,"minecraft:wall_torch":16,"minecraft:dark_oak_slab":1,"lootr:trophy":1,"minecraft:tinted_glass":3,"ironchest:diamond_chest":5,"minecraft:tnt":4,"minecraft:stone_brick_stairs":2,"minecraft:wither_rose":1,"minecraft:yellow_stained_glass_pane":1,"minecraft:grass":44,"minecraft:oak_log":40,"minecraft:sand":347,"minecraft:dirt":39,"quark:hollow_oak_log":5,"villagersplus:occultist_table":1,"minecraft:netherrack":8,"minecraft:piston":1,"minecraft:oak_leaves":37,"villagersplus:oceanographer_table":1,"minecraft:mossy_cobblestone":14,"farmersdelight:wild_carrots":13,"minecraft:dark_oak_log":3,"minecraft:brown_mushroom_block":45,"minecraft:spruce_leaves":8,"minecraft:rooted_dirt":1,"minecraft:large_fern":4,"minecraft:hay_block":110,"minecraft:oak_trapdoor":1,"minecraft:packed_mud":5,"minecraft:furnace":3,"minecraft:mossy_stone_brick_stairs":1,"minecraft:bookshelf":3,"minecraft:vine":8,"ironchest:iron_chest":10,"minecraft:stripped_oak_log":4,"minecraft:stone":165,"minecraft:oak_slab":3,"quark:oak_chest":17,"minecraft:dandelion":2,"farmersdelight:straw_bale":1,"minecraft:honey_block":1,"minecraft:copper_ore":4,"minecraft:tall_grass":10,"minecraft:lime_bed":1,"minecraft:coarse_dirt":4,"minecraft:spruce_log":1,"minecraft:yellow_bed":2,"minecraft:mycelium":1,"minecraft:gravel":2,"minecraft:gray_carpet":1,"minecraft:cracked_stone_bricks":4,"minecraft:stone_bricks":3,"minecraft:mossy_stone_bricks":2,"minecraft:fern":1},"minecraft:picked_up":{"minecraft:wooden_axe":2,"minecraft:iron_chestplate":3,"minecraft:wheat":57,"quark:torch_arrow":1,"minecraft:redstone_block":6,"tombstone:tablet_of_home":2,"minecraft:lead":1,"quark:hollow_oak_log":1,"minecraft:oak_stairs":2,"minecraft:wither_rose":1,"minecraft:enchanted_book":14,"minecraft:brewing_stand":6,"minecraft:soul_soil":13,"alexsmobs:ancient_dart":2,"minecraft:iron_leggings":1,"create:cart_assembler":1,"minecraft:diamond_leggings":1,"minecraft:gold_nugget":162,"minecraft:redstone_torch":3,"minecraft:ender_eye":3,"bygonenether:soul_stone":8,"quark:black_shard":15,"minecraft:iron_pickaxe":5,"minecraft:coal_block":9,"minecraft:iron_boots":1,"minecraft:tipped_arrow":2,"apotheosis:gem":28,"minecraft:polished_deepslate_stairs":1,"minecraft:torch":89,"minecraft:porkchop":1,"minecraft:sandstone_wall":6,"ironchest:gold_chest":15,"tombstone:grave_dust":34,"ironchest:diamond_chest":1,"mekanism:raw_tin":6,"minecraft:waxed_cut_copper_stairs":5,"minecraft:stone_sword":5,"minecraft:rotten_flesh":6,"aether:chainmail_gloves":1,"minecraft:red_tulip":1,"minecraft:blaze_rod":4,"minecraft:waxed_cut_copper":2,"minecraft:blackstone_stairs":1,"minecraft:obsidian":1,"minecraft:iron_bars":1,"minecraft:birch_log":2,"minecraft:magma_cream":18,"minecraft:andesite":128,"minecraft:mud_brick_stairs":1,"minecraft:lapis_lazuli":22,"tombstone:familiar_receptacle":2,"minecraft:dirt":330,"minecraft:name_tag":14,"minecraft:leather_boots":2,"minecraft:glass":31,"minecraft:bone":68,"minecraft:bow":2,"minecraft:wheat_seeds":1,"quark:soul_bead":3,"minecraft:diamond_helmet":1,"minecraft:glowstone_dust":5,"minecraft:oak_planks":15,"minecraft:black_terracotta":1,"minecraft:sand":31,"minecraft:nether_brick_stairs":26,"minecraft:diamond_block":22,"minecraft:lily_of_the_valley":1,"minecraft:chiseled_sandstone":3,"alexsmobs:animal_dictionary":2,"minecraft:mossy_cobblestone":12,"minecraft:bundle":3,"minecraft:sugar":2,"minecraft:diamond":61,"minecraft:slime_block":1,"waystones:waystone":1,"minecraft:polished_blackstone_button":2,"minecraft:granite":2,"minecraft:golden_apple":65,"minecraft:emerald":24,"minecraft:bread":117,"alexsmobs:maggot":1,"minecraft:rooted_dirt":1,"minecraft:netherrack":10,"minecraft:bricks":1,"minecraft:coarse_dirt":4,"iceandfire:witherbone":10,"minecraft:leather_leggings":1,"minecraft:cooked_rabbit":1,"minecraft:gold_block":14,"minecraft:shield":3,"minecraft:cornflower":4,"minecraft:oak_trapdoor":7,"minecraft:iron_axe":1,"minecraft:netherite_scrap":36,"minecraft:item_frame":2,"minecraft:iron_shovel":2,"iceandfire:graveyard_soil":7,"minecraft:beef":87,"minecraft:oak_boat":1,"minecraft:player_head":2,"minecraft:iron_nugget":7,"minecraft:minecart":2,"minecraft:tinted_glass":3,"minecraft:sugar_cane":24,"minecraft:chest":1,"minecraft:piston":1,"minecraft:spruce_trapdoor":1,"minecraft:amethyst_cluster":3,"minecraft:note_block":5,"minecraft:trident":4,"minecraft:carrot":14,"minecraft:redstone":55,"minecraft:dark_oak_planks":3,"minecraft:tnt":5,"minecraft:arrow":62,"minecraft:weeping_vines":1,"minecraft:diamond_chestplate":1,"minecraft:nether_bricks":2,"minecraft:diamond_boots":1,"minecraft:hay_block":109,"minecraft:gold_ingot":339,"iceandfire:earplugs":2,"minecraft:mutton":6,"minecraft:rail":2,"minecraft:lime_bed":1,"minecraft:mud_bricks":17,"minecraft:leather":7,"minecraft:filled_map":2,"quark:smithing_template_rune":2,"minecraft:packed_mud":5,"minecraft:granite_stairs":2,"minecraft:oak_log":1,"minecraft:chainmail_chestplate":1,"minecraft:yellow_bed":2,"minecraft:gunpowder":10,"minecraft:cobblestone_stairs":3,"minecraft:smooth_sandstone":12,"minecraft:iron_ingot":83,"minecraft:stripped_oak_wood":21,"tombstone:scroll_of_frost_resistance":1,"minecraft:iron_sword":3,"minecraft:soul_sand":10,"minecraft:dark_oak_stairs":1,"minecraft:book":31,"minecraft:oak_slab":5,"minecraft:nether_quartz_ore":5,"minecraft:emerald_block":2,"minecraft:quartz":35,"minecraft:raw_iron_block":18,"minecraft:amethyst_shard":15,"minecraft:mud_brick_wall":1,"minecraft:blast_furnace":2,"minecraft:crying_obsidian":28,"quark:oak_chest":49,"illagerinvasion:illusionary_dust":1,"minecraft:spider_eye":6,"minecraft:leather_helmet":1,"minecraft:stone_axe":1,"iceandfire:silver_sword":2,"minecraft:honey_block":1,"minecraft:chainmail_leggings":2,"immersive_melodies:didgeridoo":1,"minecraft:diamond_axe":5,"tombstone:magic_scroll":2,"minecraft:baked_potato":6,"minecraft:warped_nylium":1,"minecraft:coal":12},"minecraft:broken":{"aether:golden_gloves":1,"minecraft:iron_boots":1,"minecraft:iron_leggings":1,"minecraft:iron_helmet":1}},"DataVersion":3465}