{"stats":{"minecraft:crafted":{"toms_storage:ts.inventory_cable_connector":8,"alexsmobs:banana_peel":2,"create:brass_nugget":9,"ironfurnaces:iron_furnace":2,"minecraft:lever":2,"minecraft:diamond_shovel":2,"create:item_vault":27,"ironfurnaces:diamond_furnace":2,"minecraft:iron_bars":16,"ironchest:crystal_chest":8,"create:vertical_gearbox":33,"create:rotation_speed_controller":5,"minecraft:glass":15,"create:mechanical_press":1,"projecte:transmutation_table":1,"create:brass_funnel":10,"create:cogwheel":270,"toms_storage:ts.crafting_terminal":1,"create:rose_quartz":21,"minecraft:emerald":324,"minecraft:diamond_axe":1,"create:adjustable_chain_gearshift":3,"projecte:philosophers_stone":1,"minecraft:clock":64,"minecraft:copper_ingot":0,"create:attribute_filter":2,"iceandfire:earplugs":1,"minecraft:campfire":9,"create:encased_chain_drive":52,"create:mechanical_mixer":1,"create:clutch":1,"create:gearbox":48,"villagersplus:oceanographer_table":1,"ironfurnaces:crystal_furnace":2,"quark:oak_chest":21,"minecraft:iron_block":4,"minecraft:gold_ingot":12,"create:large_cogwheel":61,"minecraft:netherite_ingot":4,"quark:pickarang":1,"minecraft:golden_carrot":24,"create:wrench":1,"minecraft:iron_nugget":703,"toms_storage:ts.inventory_connector":1,"create:electron_tube":15,"minecraft:dark_oak_planks":3,"minecraft:wheat":501,"ironchest:gold_chest":15,"create:brass_tunnel":6,"minecraft:dried_kelp":0,"create:goggles":1,"sophisticatedbackpacks:gold_backpack":1,"create:mechanical_arm":2,"create:shaft":190,"toms_storage:ts.inventory_hopper_basic":2,"minecraft:oak_planks":1305,"minecraft:barrel":97,"minecraft:stone":0,"create:deployer":1,"minecraft:hopper":3,"tombstone:grave_key":1,"toms_storage:ts.storage_terminal":1,"minecraft:comparator":3,"create:spout":1,"minecraft:copper_block":3,"create:brass_hand":1,"minecraft:golden_boots":1,"create:depot":3,"minecraft:oak_slab":78,"minecraft:crafting_table":11,"create:fluid_pipe":16,"create:sand_paper":2,"minecraft:gold_block":17,"ironchest:diamond_chest":12,"minecraft:dark_oak_slab":6,"minecraft:paper":3,"minecraft:emerald_block":26,"minecraft:stick":176,"sophisticatedbackpacks:diamond_backpack":1,"create:mechanical_pump":5,"minecraft:redstone_torch":9,"create:empty_blaze_burner":18,"minecraft:oak_door":3,"minecraft:redstone":150,"minecraft:coal":1,"ironfurnaces:gold_furnace":2,"create:steam_engine":3,"minecraft:furnace":4,"minecraft:oak_trapdoor":28,"minecraft:flint_and_steel":1,"create:fluid_tank":50,"toms_storage:ts.inventory_cable":36,"create:basin":2,"create:filter":1,"sophisticatedbackpacks:iron_backpack":1,"minecraft:sugar":150,"create:andesite_alloy":537,"create:hand_crank":2,"create:item_drain":1,"minecraft:bucket":18,"minecraft:air":2218,"minecraft:bread":167,"minecraft:oak_boat":2,"create:whisk":1,"minecraft:gold_nugget":315,"create:mechanical_crafter":6,"minecraft:anvil":1,"create:mechanical_drill":15,"minecraft:andesite":334,"minecraft:torch":64,"create:smart_fluid_pipe":1,"ironchest:iron_chest":15},"minecraft:picked_up":{"minecraft:wooden_axe":2,"minecraft:iron_chestplate":3,"quark:torch_arrow":1,"minecraft:lead":9,"minecraft:wither_rose":1,"minecraft:oak_stairs":2,"create:item_drain":1,"minecraft:enchanted_book":14,"minecraft:brewing_stand":8,"minecraft:soul_soil":13,"minecraft:diamond_leggings":1,"create:cart_assembler":1,"minecraft:gold_nugget":228,"minecraft:coal_block":10,"create:andesite_casing":145,"minecraft:sandstone_wall":6,"ironchest:gold_chest":18,"ironchest:diamond_chest":1,"toms_storage:ts.inventory_cable_connector":1,"mekanism:raw_tin":8,"minecraft:waxed_cut_copper_stairs":5,"minecraft:stone_sword":5,"quark:clear_shard":96,"create:copper_casing":4,"aether:chainmail_gloves":1,"minecraft:red_tulip":1,"create:mechanical_arm":3,"minecraft:waxed_cut_copper":2,"minecraft:blaze_rod":14,"minecraft:blackstone_stairs":1,"minecraft:iron_bars":1,"minecraft:birch_log":2,"minecraft:flint":156,"tombstone:familiar_receptacle":2,"create:encased_chain_drive":5,"create:mechanical_drill":15,"projecte:philosophers_stone":1,"create:shaft":25,"quark:soul_bead":3,"minecraft:diamond_helmet":1,"minecraft:glowstone_dust":5,"create:empty_blaze_burner":4,"minecraft:barrel":1,"alexsmobs:animal_dictionary":2,"minecraft:bundle":3,"minecraft:lever":2,"minecraft:granite":9,"minecraft:bread":117,"alexsmobs:maggot":1,"minecraft:rooted_dirt":1,"minecraft:bricks":1,"minecraft:crafting_table":2,"minecraft:coarse_dirt":4,"iceandfire:witherbone":10,"minecraft:leather_leggings":1,"minecraft:cornflower":4,"create:fluid_pipe":3,"minecraft:netherite_scrap":36,"minecraft:iron_shovel":2,"iceandfire:graveyard_soil":7,"create:brass_funnel":1,"minecraft:beef":87,"minecraft:iron_nugget":955,"minecraft:minecart":2,"minecraft:chest":1,"minecraft:piston":1,"minecraft:stone":1,"minecraft:amethyst_cluster":3,"sophisticatedbackpacks:backpack":2,"minecraft:carrot":14,"minecraft:redstone":65,"create:brass_casing":2,"create:steam_engine":1,"create:vertical_gearbox":5,"minecraft:tnt":5,"minecraft:diamond_chestplate":1,"minecraft:diamond_boots":1,"minecraft:hay_block":109,"create:depot":2,"minecraft:gold_ingot":351,"iceandfire:earplugs":2,"minecraft:mutton":6,"minecraft:rail":2,"minecraft:lime_bed":1,"minecraft:mud_bricks":17,"minecraft:red_mushroom":51,"minecraft:filled_map":2,"minecraft:packed_mud":5,"minecraft:oak_log":316,"alexsmobs:mosquito_proboscis":2,"minecraft:spawner":2,"create:crushing_wheel":4,"minecraft:apple":10,"minecraft:stone_bricks":1,"minecraft:kelp":29,"toms_storage:ts.inventory_hopper_basic":1,"tombstone:scroll_of_frost_resistance":1,"minecraft:iron_sword":3,"minecraft:dark_oak_stairs":1,"minecraft:gravel":80,"minecraft:crying_obsidian":28,"illagerinvasion:illusionary_dust":1,"create:gearbox":21,"minecraft:leather_helmet":1,"minecraft:stone_axe":1,"iceandfire:silver_sword":2,"create:mechanical_pump":1,"minecraft:diamond_axe":6,"minecraft:baked_potato":6,"minecraft:warped_nylium":1,"minecraft:wheat":57,"minecraft:redstone_block":6,"create:mechanical_crafter":3,"tombstone:tablet_of_home":2,"quark:hollow_oak_log":1,"minecraft:nether_brick":19,"minecraft:stone_brick_stairs":5,"minecraft:raw_copper":74,"alexsmobs:ancient_dart":2,"minecraft:iron_leggings":1,"alexsmobs:blood_sac":2,"create:mechanical_press":1,"minecraft:redstone_torch":3,"bygonenether:soul_stone":8,"minecraft:ender_eye":3,"quark:black_shard":15,"minecraft:iron_pickaxe":5,"minecraft:iron_boots":1,"minecraft:tipped_arrow":2,"minecraft:stick":556,"apotheosis:gem":31,"ironchest:crystal_chest":1,"minecraft:polished_deepslate_stairs":1,"minecraft:torch":91,"minecraft:porkchop":2,"minecraft:dried_kelp":56,"tombstone:grave_dust":34,"minecraft:diorite":661,"create:large_cogwheel":6,"minecraft:rotten_flesh":6,"minecraft:obsidian":18,"minecraft:cobblestone":7385,"minecraft:magma_cream":18,"create:fluid_tank":11,"minecraft:andesite":1105,"minecraft:mud_brick_stairs":1,"create:belt_connector":67,"minecraft:lapis_lazuli":22,"minecraft:dirt":2070,"minecraft:name_tag":14,"minecraft:leather_boots":2,"minecraft:glass":33,"minecraft:bone":69,"minecraft:bow":2,"minecraft:wheat_seeds":3,"minecraft:oak_planks":70,"minecraft:black_terracotta":1,"create:cogwheel":6,"minecraft:sand":33,"create:smart_fluid_pipe":1,"minecraft:nether_brick_stairs":26,"minecraft:diamond_block":22,"minecraft:lily_of_the_valley":1,"minecraft:chiseled_sandstone":3,"minecraft:mossy_cobblestone":15,"quark:gold_bars":1,"minecraft:sugar":2,"minecraft:diamond":61,"create:filter":5,"minecraft:slime_block":1,"waystones:waystone":2,"minecraft:polished_blackstone_button":2,"minecraft:crossbow":1,"minecraft:golden_apple":65,"minecraft:emerald":29,"minecraft:oak_sapling":15,"minecraft:netherrack":568,"minecraft:charcoal":2,"minecraft:brown_mushroom":40,"minecraft:cooked_rabbit":1,"minecraft:gold_block":14,"create:schematic_table":1,"minecraft:shield":3,"minecraft:oak_trapdoor":7,"minecraft:iron_axe":1,"minecraft:item_frame":2,"minecraft:mycelium":96,"minecraft:oak_boat":6,"minecraft:player_head":2,"create:basin":1,"minecraft:tinted_glass":3,"minecraft:sugar_cane":146,"minecraft:spruce_trapdoor":1,"minecraft:raw_iron":2,"create:golden_sheet":1,"minecraft:copper_ingot":68,"minecraft:note_block":5,"create:hand_crank":5,"minecraft:trident":4,"create:deployer":1,"minecraft:dark_oak_planks":3,"minecraft:arrow":70,"minecraft:weeping_vines":1,"minecraft:nether_bricks":4,"minecraft:basalt":2,"minecraft:leather":22,"quark:smithing_template_rune":2,"minecraft:granite_stairs":2,"minecraft:chainmail_chestplate":1,"create:andesite_alloy":214,"create:blaze_burner":2,"minecraft:yellow_bed":2,"minecraft:gunpowder":10,"minecraft:cobblestone_wall":1,"minecraft:cobblestone_stairs":4,"minecraft:smooth_sandstone":12,"create:adjustable_chain_gearshift":2,"minecraft:iron_ingot":147,"minecraft:stripped_oak_wood":21,"minecraft:soul_sand":10,"sophisticatedbackpacks:diamond_backpack":3,"minecraft:book":31,"minecraft:oak_slab":6,"minecraft:emerald_block":2,"minecraft:nether_quartz_ore":5,"create:attribute_filter":1,"minecraft:chiseled_stone_bricks":2,"minecraft:quartz":4568,"minecraft:raw_iron_block":18,"minecraft:amethyst_shard":15,"minecraft:mud_brick_wall":1,"minecraft:blast_furnace":2,"minecraft:white_bed":1,"create:brass_tunnel":3,"quark:oak_chest":56,"minecraft:spider_eye":6,"minecraft:honey_block":1,"minecraft:chainmail_leggings":2,"immersive_melodies:didgeridoo":1,"tombstone:magic_scroll":2,"minecraft:coal":21},"minecraft:killed":{"minecraft:skeleton":42,"minecraft:chicken":1,"minecraft:magma_cube":22,"minecraft:pillager":4,"minecraft:zombie":20,"alexsmobs:mungus":1,"minecraft:cow":8,"minecraft:vindicator":1,"alexsmobs:seagull":5,"bygonenether:wraither":5,"iceandfire:siren":3,"minecraft:wandering_trader":4,"iceandfire:ghost":23,"quark:wraith":1,"minecraft:enderman":2,"minecraft:witch":1,"minecraft:spider":3,"minecraft:bee":1,"minecraft:illusioner":1,"artifacts:mimic":1,"minecraft:piglin":1,"minecraft:pig":2,"quark:stoneling":1,"minecraft:creeper":3,"alexsmobs:crimson_mosquito":6,"minecraft:sheep":1,"minecraft:trader_llama":10,"minecraft:stray":2,"alexsmobs:fly":3,"minecraft:blaze":11,"bygonenether:corpor":2,"minecraft:phantom":1,"bygonenether:wither_skeleton_knight":1,"alexsmobs:soul_vulture":1,"alexsmobs:bison":8,"quark:foxhound":4,"alexsmobs:crow":1,"minecraft:wither_skeleton":19,"bygonenether:wex":5},"minecraft:killed_by":{"iceandfire:ghost":1,"mowziesmobs:naga":2,"iceandfire:fire_dragon":2,"minecraft:skeleton":3},"minecraft:broken":{"aether:golden_gloves":1,"minecraft:golden_boots":1,"minecraft:iron_boots":1,"minecraft:iron_leggings":1,"minecraft:iron_helmet":1,"minecraft:diamond_axe":2,"create:sand_paper":3},"minecraft:used":{"create:deployer":8,"create:brass_casing":48,"lootr:trophy":1,"minecraft:rotten_flesh":4,"create:fluid_tank":49,"rechiseled:cherry_planks_wavy":4,"minecraft:soul_sand":1,"toms_storage:ts.inventory_cable":26,"minecraft:cut_copper":3,"create:mechanical_crafter":10,"ironchest:iron_chest":10,"create:depot":8,"minecraft:lava_bucket":9,"minecraft:grass_block":58,"ironfurnaces:crystal_furnace":2,"minecraft:dark_oak_slab":6,"minecraft:stone_brick_stairs":1,"ironfurnaces:iron_furnace":1,"create:rotation_speed_controller":15,"create:shaft":341,"minecraft:oak_sapling":1,"create:steam_engine":6,"minecraft:furnace":3,"minecraft:diorite":4,"toms_storage:ts.inventory_connector":2,"minecraft:blackstone":222,"create:spout":2,"minecraft:golden_apple":10,"elevatorid:elevator_white":3,"rechiseled:cobbled_deepslate_beams_connecting":50,"minecraft:sand":7,"projecte:transmutation_table":1,"create:adjustable_chain_gearshift":3,"minecraft:diamond_sword":857,"minecraft:coal_block":6,"create:basin":10,"rechiseled:blackstone_brick_paving_connecting":37,"minecraft:oak_boat":6,"alexsmobs:banana_peel":2,"minecraft:polished_blackstone_brick_slab":225,"create:schematic_table":1,"minecraft:mycelium":33,"minecraft:tinted_glass":60,"quark:oak_post":6,"minecraft:netherrack":10,"minecraft:torch":111,"minecraft:brewing_stand":1,"minecraft:anvil":2,"toms_storage:ts.crafting_terminal":1,"villagersplus:oceanographer_table":2,"minecraft:mud_brick_stairs":2,"minecraft:music_disc_mellohi":1,"create:wrench":1124,"create:gearbox":101,"minecraft:iron_axe":16,"minecraft:slime_block":1,"minecraft:spawner":1,"villagersplus:occultist_table":1,"rechiseled:dark_oak_planks_beams_connecting":19,"minecraft:mud_bricks":6,"minecraft:barrel":1,"minecraft:diamond_chestplate":6,"create:encased_chain_drive":33,"tombstone:gift":9,"minecraft:goat_horn":4,"create:fluid_pipe":20,"create:belt_connector":79,"create:smart_fluid_pipe":2,"minecraft:water_bucket":66,"create:brass_tunnel":8,"create:blaze_burner":25,"minecraft:polished_blackstone_bricks":37,"minecraft:mossy_cobblestone":2,"minecraft:crafting_table":9,"minecraft:oak_slab":1,"minecraft:white_bed":2,"create:filter":3,"minecraft:oak_log":161,"minecraft:diamond_pickaxe":1379,"minecraft:cornflower":1,"rechiseled:coal_block_rotated_bricks":280,"minecraft:diamond_shovel":5996,"quark:pickarang":196,"minecraft:iron_pickaxe":361,"create:mechanical_arm":58,"minecraft:cobblestone":103,"rechiseled:cherry_planks_wavy_connecting":44,"quark:oak_chest":21,"create:clutch":1,"minecraft:dandelion":3,"minecraft:iron_shovel":191,"minecraft:iron_sword":240,"toms_storage:ts.storage_terminal":2,"minecraft:iron_chestplate":8,"tombstone:scroll_of_preservation":1,"toms_storage:ts.inventory_hopper_basic":4,"create:cogwheel":120,"minecraft:carrot":25,"quark:vertical_spruce_planks":32,"minecraft:obsidian":23,"sophisticatedbackpacks:diamond_backpack":5,"minecraft:glass":141,"minecraft:packed_mud":3,"minecraft:iron_helmet":5,"iceandfire:earplugs":3,"minecraft:hay_block":1,"create:mechanical_drill":35,"minecraft:golden_boots":1,"create:crushing_wheel":16,"minecraft:oak_planks":128,"minecraft:diamond_axe":718,"minecraft:sugar_cane":30,"quark:deepslate_tile_vertical_slab":9,"minecraft:note_block":3,"minecraft:redstone_torch":3,"waystones:waystone":2,"minecraft:lever":4,"quark:hollow_oak_log":4,"minecraft:bread":164,"tombstone:grave_key":5,"create:andesite_casing":1,"minecraft:gravel":57,"minecraft:stripped_oak_wood":3,"create:stressometer":11,"minecraft:andesite":2,"create:vertical_gearbox":116,"minecraft:coarse_dirt":2,"ironchest:crystal_chest":9,"create:large_cogwheel":12,"quark:polished_blackstone_brick_vertical_slab":120,"minecraft:trident":18,"minecraft:flint_and_steel":4,"create:item_vault":34,"minecraft:spruce_planks":14,"minecraft:cooked_chicken":2,"rechiseled:coal_block_small_tiles_connecting":65,"minecraft:oak_door":1,"create:mechanical_pump":19,"minecraft:dirt":359,"ironchest:diamond_chest":9,"create:mechanical_mixer":6,"minecraft:hopper":2,"create:attribute_filter":1,"minecraft:cobblestone_wall":1,"minecraft:diamond_helmet":10,"minecraft:raw_iron_block":1,"minecraft:granite":7,"create:chute":1,"minecraft:dark_oak_planks":4,"minecraft:wooden_axe":21,"toms_storage:ts.inventory_cable_connector":10,"rechiseled:jungle_planks_large_tiles_connecting":140,"minecraft:polished_blackstone_brick_stairs":345,"minecraft:iron_boots":4,"create:cart_assembler":1,"minecraft:golden_carrot":94,"minecraft:black_stained_glass":60,"minecraft:soul_soil":3,"ironchest:gold_chest":14,"minecraft:minecart":2,"minecraft:cooked_beef":15,"create:cut_diorite":355,"minecraft:iron_leggings":1,"tombstone:scroll_of_mercy":1,"minecraft:cobblestone_stairs":2,"create:empty_blaze_burner":4,"minecraft:baked_potato":1,"create:item_drain":6,"create:brass_funnel":26,"minecraft:lime_bed":1,"tombstone:tablet_of_home":1,"create:mechanical_press":3,"quark:spruce_post":15,"iceandfire:graveyard_soil":3,"projecte:philosophers_stone":67,"minecraft:bucket":78,"minecraft:yellow_bed":1,"minecraft:wither_rose":1,"create:hand_crank":27,"minecraft:chainmail_leggings":1},"minecraft:dropped":{"minecraft:iron_sword":3,"minecraft:piston":1,"minecraft:lapis_lazuli":22,"quark:gold_bars":1,"minecraft:diamond":1,"minecraft:crafting_table":2,"minecraft:dark_oak_slab":1,"immersive_melodies:lute":1,"minecraft:mossy_stone_brick_stairs":4,"minecraft:cracked_stone_bricks":5,"minecraft:leather_helmet":1,"minecraft:red_mushroom":37,"minecraft:item_frame":2,"minecraft:dirt":69,"minecraft:gold_nugget":65,"projecte:philosophers_stone":1,"minecraft:sand":192,"minecraft:sugar":266,"minecraft:white_wool":1,"minecraft:cyan_carpet":2,"minecraft:waxed_cut_copper_stairs":4,"minecraft:goat_horn":1,"minecraft:sugar_cane":1,"create:brass_tunnel":3,"minecraft:iron_nugget":941,"alexsmobs:animal_dictionary":2,"minecraft:nether_brick":3,"minecraft:rotten_flesh":20,"minecraft:oak_planks":15,"alexsmobs:blood_sac":2,"create:encased_fan":2,"quark:hollow_oak_log":1,"minecraft:honey_block":1,"minecraft:quartz_block":8,"apotheosis:gem":8,"minecraft:leather_boots":3,"minecraft:spruce_slab":2,"quark:smithing_template_rune":1,"minecraft:campfire":9,"minecraft:crying_obsidian":2,"minecraft:stone_brick_stairs":10,"farmersdelight:straw_bale":1,"minecraft:egg":144,"create:mechanical_mixer":1,"minecraft:enchanted_book":5,"minecraft:golden_boots":1,"minecraft:iron_ingot":91,"create:attribute_filter":1,"minecraft:wheat_seeds":3,"ironchest:diamond_chest":1,"create:polished_rose_quartz":6,"ironchest:gold_chest":1,"minecraft:iron_helmet":2,"minecraft:cobblestone":7182,"minecraft:book":6,"minecraft:polished_blackstone_button":2,"minecraft:wooden_axe":1,"minecraft:dried_kelp":183,"minecraft:oak_stairs":1,"minecraft:mossy_cobblestone_stairs":2,"minecraft:string":39,"minecraft:chainmail_leggings":2,"create:mechanical_drill":3,"minecraft:smooth_sandstone":12,"create:raw_zinc":205,"minecraft:bricks":1,"minecraft:moss_carpet":2,"minecraft:player_head":5,"iceandfire:ghost_ingot":1,"minecraft:stone_sword":1,"minecraft:clay_ball":7,"minecraft:iron_boots":1,"sophisticatedbackpacks:backpack":1,"minecraft:nether_bricks":3,"minecraft:cobblestone_slab":1,"minecraft:waxed_cut_copper":4,"minecraft:spruce_trapdoor":1,"minecraft:bundle":2,"create:hand_crank":2,"minecraft:redstone_torch":3,"minecraft:spider_eye":6,"minecraft:stone_bricks":4,"minecraft:bow":1,"create:blaze_cake_base":64,"create:steam_engine":3,"create:belt_connector":62,"create:vertical_gearbox":4,"minecraft:brown_mushroom":5,"minecraft:diamond_axe":2,"minecraft:oak_log":40,"create:filter":6,"alexsmobs:bison_fur":10,"minecraft:flint":233,"minecraft:netherite_scrap":18,"minecraft:cornflower":4,"minecraft:mutton":3,"create:iron_sheet":21,"create:large_cogwheel":1,"minecraft:stripped_oak_wood":5,"minecraft:birch_log":1,"minecraft:gold_ingot":26,"create:crushing_wheel":2,"minecraft:gravel":19,"lootr:trophy":1,"minecraft:mycelium":43,"minecraft:chiseled_stone_bricks":4,"minecraft:sandstone_wall":6,"minecraft:trident":1,"minecraft:chest":1,"minecraft:arrow":1,"minecraft:basalt":2,"minecraft:iron_bars":19,"create:mechanical_press":1,"minecraft:quartz":1318,"minecraft:netherrack":755,"create:andesite_alloy":168,"minecraft:spawner":1,"minecraft:bread":65,"minecraft:oak_slab":5,"minecraft:mossy_cobblestone":28,"minecraft:diamond_leggings":1,"minecraft:copper_ingot":433,"minecraft:stick":6,"create:cinder_flour":283,"quark:clear_shard":31,"minecraft:diorite":717,"minecraft:brewing_stand":3,"tombstone:grave_dust":23,"create:blaze_cake":53,"minecraft:polished_blackstone_brick_slab":1,"minecraft:redstone":24,"minecraft:kelp":192,"minecraft:warped_nylium":1,"minecraft:oak_trapdoor":3,"minecraft:coarse_dirt":2,"minecraft:raw_copper":79,"create:encased_chain_drive":9,"iceandfire:witherbone":9,"minecraft:stripped_oak_log":1,"create:rotation_speed_controller":3,"minecraft:filled_map":1,"aether:chainmail_gloves":1,"minecraft:iron_chestplate":2,"minecraft:andesite":1181,"minecraft:mossy_stone_bricks":3,"minecraft:oak_sapling":49,"minecraft:spruce_log":1,"minecraft:nether_quartz_ore":5,"minecraft:calcite":16,"create:golden_sheet":9},"minecraft:mined":{"minecraft:dark_oak_planks":4,"minecraft:white_bed":2,"create:copper_casing":4,"minecraft:black_terracotta":3,"create:andesite_casing":145,"minecraft:obsidian":9,"minecraft:granite":9,"toms_storage:ts.inventory_cable_connector":2,"minecraft:coal_block":5,"minecraft:hopper":2,"create:belt":5,"minecraft:chiseled_stone_bricks":2,"minecraft:spawner":21,"minecraft:weeping_vines_plant":1,"ironchest:crystal_chest":1,"minecraft:mossy_cobblestone_stairs":3,"minecraft:fire":23,"minecraft:barrel":1,"ironchest:gold_chest":12,"minecraft:nether_brick_stairs":27,"toms_storage:ts.inventory_connector":1,"minecraft:dirt_path":3,"minecraft:oak_stairs":1,"create:mechanical_press":2,"create:item_drain":1,"create:cogwheel":2,"mekanism:osmium_ore":4,"minecraft:brown_mushroom":9,"minecraft:kelp_plant":3,"quark:gold_bars":1,"minecraft:powder_snow":1,"ironfurnaces:iron_furnace":1,"minecraft:torch":13,"minecraft:note_block":5,"minecraft:blast_furnace":2,"minecraft:mud_brick_stairs":3,"minecraft:white_stained_glass_pane":1,"mekanism:tin_ore":2,"minecraft:glass":30,"toms_storage:ts.inventory_hopper_basic":3,"minecraft:sugar_cane":16,"create:basin":1,"sophisticatedbackpacks:diamond_backpack":5,"minecraft:tinted_glass":3,"create:mechanical_mixer":1,"minecraft:wither_rose":1,"minecraft:stone_brick_stairs":5,"minecraft:grass":51,"create:hand_crank":3,"minecraft:red_mushroom_block":220,"minecraft:piston":1,"villagersplus:oceanographer_table":1,"create:zinc_ore":13,"iceandfire:silver_ore":3,"minecraft:mossy_cobblestone":16,"farmersdelight:wild_carrots":13,"minecraft:dark_oak_log":3,"create:fluid_tank":1,"minecraft:nether_bricks":3,"create:mechanical_arm":3,"create:shaft":21,"minecraft:packed_mud":5,"minecraft:andesite":299,"minecraft:mossy_stone_brick_stairs":1,"minecraft:vine":8,"ironchest:iron_chest":10,"create:deployer":1,"minecraft:oak_slab":3,"minecraft:soul_sand":2,"quark:oak_chest":27,"minecraft:dandelion":2,"create:fluid_pipe":3,"create:mechanical_pump":1,"minecraft:campfire":1,"minecraft:tall_grass":11,"minecraft:copper_ore":30,"minecraft:diorite":4,"minecraft:warped_wart_block":1,"create:blaze_burner":6,"minecraft:coarse_dirt":4,"minecraft:cobblestone_wall":1,"create:gearbox":25,"minecraft:spruce_log":1,"toms_storage:ts.inventory_cable":5,"create:mechanical_drill":15,"minecraft:mycelium":3423,"create:smart_fluid_pipe":1,"minecraft:gravel":50,"minecraft:stone_bricks":4,"minecraft:fern":1,"iceandfire:graveyard_soil":7,"minecraft:oak_sapling":9,"minecraft:cobblestone_stairs":3,"minecraft:brewing_stand":5,"minecraft:spruce_trapdoor":3,"minecraft:grass_block":66,"minecraft:soul_soil":7,"minecraft:mud_brick_wall":1,"minecraft:mud_bricks":16,"minecraft:raw_iron_block":1,"minecraft:glowstone":13,"minecraft:iron_ore":28,"toms_storage:ts.storage_terminal":2,"minecraft:anvil":1,"minecraft:dark_oak_stairs":1,"minecraft:iron_bars":15,"minecraft:potted_cornflower":1,"minecraft:granite_stairs":2,"minecraft:spruce_slab":3,"minecraft:waxed_cut_copper":6,"minecraft:waxed_cut_copper_stairs":6,"minecraft:quartz_block":6,"create:adjustable_chain_gearshift":2,"create:steam_engine":1,"minecraft:polished_deepslate_stairs":1,"iceandfire:dragon_ice_spikes":1,"minecraft:mushroom_stem":39,"create:brass_casing":2,"minecraft:nether_quartz_ore":45,"minecraft:cobblestone":68,"minecraft:slime_block":1,"minecraft:oak_planks":61,"minecraft:wall_torch":16,"minecraft:warped_nylium":3,"minecraft:dark_oak_slab":1,"lootr:trophy":1,"minecraft:tnt":4,"ironchest:diamond_chest":6,"minecraft:yellow_stained_glass_pane":1,"minecraft:oak_log":99,"minecraft:sand":350,"minecraft:dirt":2536,"quark:hollow_oak_log":5,"create:encased_chain_drive":7,"villagersplus:occultist_table":1,"minecraft:netherrack":323,"minecraft:oak_leaves":54,"minecraft:nether_gold_ore":2,"minecraft:lever":1,"create:large_cogwheel":1,"create:depot":2,"minecraft:brown_mushroom_block":62,"minecraft:spruce_leaves":8,"minecraft:rooted_dirt":1,"minecraft:large_fern":4,"minecraft:hay_block":110,"minecraft:oak_trapdoor":1,"minecraft:furnace":3,"minecraft:bookshelf":3,"minecraft:stripped_oak_log":4,"minecraft:stone":405,"minecraft:basalt":1,"minecraft:crafting_table":4,"minecraft:honey_block":1,"farmersdelight:straw_bale":1,"create:schematic_table":1,"minecraft:lime_bed":1,"minecraft:yellow_bed":2,"create:mechanical_crafter":3,"minecraft:gray_carpet":1,"minecraft:cracked_stone_bricks":4,"minecraft:mossy_stone_bricks":2},"minecraft:custom":{"minecraft:interact_with_crafting_table":269,"minecraft:open_barrel":1,"minecraft:leave_game":33,"minecraft:time_since_death":49245,"minecraft:play_time":1616058,"minecraft:deaths":14,"minecraft:jump":28353,"minecraft:interact_with_furnace":86,"minecraft:play_record":1,"minecraft:traded_with_villager":76,"minecraft:sleep_in_bed":43,"minecraft:waystone_activated":4,"minecraft:damage_dealt":56126,"tombstone:undead_killed":117,"minecraft:horse_one_cm":860741,"minecraft:interact_with_anvil":1,"minecraft:damage_dealt_absorbed":53,"minecraft:sneak_time":80829,"minecraft:interact_with_blast_furnace":11,"minecraft:total_world_time":1616058,"tombstone:raider_killed":8,"minecraft:tune_noteblock":11,"minecraft:time_since_rest":48990,"tombstone:cast_on_ally":2,"minecraft:swim_one_cm":136426,"minecraft:fly_one_cm":6713165,"minecraft:open_chest":647,"minecraft:fall_one_cm":695123,"lootr:looted_stat":166,"minecraft:damage_resisted":519,"minecraft:sprint_one_cm":3119998,"minecraft:drop":634,"minecraft:play_noteblock":24,"minecraft:talked_to_villager":46,"minecraft:walk_on_water_one_cm":69712,"minecraft:open_enderchest":1,"minecraft:crouch_one_cm":266415,"tombstone:villager_killed":4,"minecraft:mob_kills":231,"minecraft:damage_dealt_resisted":0,"minecraft:climb_one_cm":36264,"minecraft:walk_one_cm":4242216,"minecraft:walk_under_water_one_cm":43792,"minecraft:boat_one_cm":104354,"minecraft:damage_taken":16908,"minecraft:damage_absorbed":373,"minecraft:trigger_trapped_chest":11}},"DataVersion":3465}