{"stats":{"minecraft:used":{"create:brass_casing":45,"lootr:trophy":1,"minecraft:rotten_flesh":4,"create:fluid_tank":19,"rechiseled:cherry_planks_wavy":4,"toms_storage:ts.inventory_cable":26,"minecraft:cut_copper":3,"ironchest:iron_chest":10,"minecraft:lava_bucket":1,"minecraft:grass_block":58,"ironfurnaces:crystal_furnace":2,"minecraft:dark_oak_slab":6,"minecraft:stone_brick_stairs":1,"ironfurnaces:iron_furnace":1,"create:shaft":19,"minecraft:furnace":3,"create:steam_engine":2,"minecraft:oak_sapling":1,"minecraft:diorite":1,"toms_storage:ts.inventory_connector":2,"minecraft:blackstone":222,"elevatorid:elevator_white":3,"minecraft:golden_apple":10,"rechiseled:cobbled_deepslate_beams_connecting":50,"minecraft:sand":4,"create:adjustable_chain_gearshift":1,"minecraft:diamond_sword":857,"minecraft:coal_block":6,"rechiseled:blackstone_brick_paving_connecting":37,"minecraft:oak_boat":6,"alexsmobs:banana_peel":2,"minecraft:polished_blackstone_brick_slab":225,"create:schematic_table":1,"minecraft:tinted_glass":60,"quark:oak_post":6,"minecraft:netherrack":3,"minecraft:torch":111,"minecraft:brewing_stand":1,"minecraft:anvil":2,"toms_storage:ts.crafting_terminal":1,"villagersplus:oceanographer_table":2,"minecraft:mud_brick_stairs":2,"minecraft:music_disc_mellohi":1,"create:wrench":34,"create:gearbox":13,"minecraft:iron_axe":16,"minecraft:slime_block":1,"minecraft:spawner":1,"villagersplus:occultist_table":1,"rechiseled:dark_oak_planks_beams_connecting":19,"minecraft:mud_bricks":6,"minecraft:diamond_chestplate":6,"create:encased_chain_drive":15,"minecraft:goat_horn":4,"tombstone:gift":9,"create:belt_connector":14,"minecraft:water_bucket":23,"create:brass_tunnel":5,"create:blaze_burner":2,"minecraft:polished_blackstone_bricks":37,"minecraft:mossy_cobblestone":2,"minecraft:oak_slab":1,"minecraft:crafting_table":9,"minecraft:white_bed":2,"create:filter":1,"minecraft:oak_log":48,"minecraft:diamond_pickaxe":861,"minecraft:cornflower":1,"rechiseled:coal_block_rotated_bricks":280,"minecraft:diamond_shovel":5996,"quark:pickarang":196,"minecraft:iron_pickaxe":361,"minecraft:cobblestone":58,"rechiseled:cherry_planks_wavy_connecting":44,"quark:oak_chest":19,"minecraft:dandelion":3,"minecraft:iron_shovel":66,"minecraft:iron_sword":240,"toms_storage:ts.storage_terminal":2,"minecraft:iron_chestplate":8,"tombstone:scroll_of_preservation":1,"toms_storage:ts.inventory_hopper_basic":4,"minecraft:carrot":25,"quark:vertical_spruce_planks":32,"minecraft:obsidian":22,"sophisticatedbackpacks:diamond_backpack":5,"minecraft:glass":50,"minecraft:packed_mud":3,"minecraft:iron_helmet":5,"iceandfire:earplugs":3,"minecraft:hay_block":1,"create:mechanical_drill":20,"minecraft:golden_boots":1,"create:crushing_wheel":5,"minecraft:oak_planks":125,"minecraft:diamond_axe":355,"quark:deepslate_tile_vertical_slab":9,"minecraft:note_block":3,"minecraft:redstone_torch":3,"waystones:waystone":2,"quark:hollow_oak_log":4,"minecraft:bread":92,"tombstone:grave_key":5,"create:andesite_casing":1,"minecraft:gravel":57,"minecraft:stripped_oak_wood":3,"create:vertical_gearbox":6,"minecraft:coarse_dirt":2,"ironchest:crystal_chest":9,"quark:polished_blackstone_brick_vertical_slab":120,"minecraft:trident":18,"minecraft:flint_and_steel":3,"minecraft:spruce_planks":14,"rechiseled:coal_block_small_tiles_connecting":65,"minecraft:cooked_chicken":2,"minecraft:oak_door":1,"minecraft:dirt":236,"ironchest:diamond_chest":8,"minecraft:hopper":2,"create:attribute_filter":1,"minecraft:cobblestone_wall":1,"minecraft:diamond_helmet":10,"minecraft:raw_iron_block":1,"create:chute":1,"minecraft:dark_oak_planks":4,"minecraft:wooden_axe":21,"toms_storage:ts.inventory_cable_connector":10,"rechiseled:jungle_planks_large_tiles_connecting":140,"minecraft:polished_blackstone_brick_stairs":345,"minecraft:iron_boots":4,"create:cart_assembler":1,"minecraft:golden_carrot":94,"minecraft:black_stained_glass":60,"minecraft:soul_soil":3,"ironchest:gold_chest":10,"minecraft:minecart":2,"minecraft:cooked_beef":15,"create:cut_diorite":355,"minecraft:iron_leggings":1,"tombstone:scroll_of_mercy":1,"minecraft:cobblestone_stairs":2,"create:empty_blaze_burner":1,"minecraft:baked_potato":1,"create:brass_funnel":1,"minecraft:lime_bed":1,"tombstone:tablet_of_home":1,"quark:spruce_post":15,"iceandfire:graveyard_soil":3,"minecraft:bucket":25,"minecraft:yellow_bed":1,"minecraft:wither_rose":1,"minecraft:chainmail_leggings":1},"minecraft:picked_up":{"minecraft:wooden_axe":2,"minecraft:iron_chestplate":3,"quark:torch_arrow":1,"minecraft:lead":3,"minecraft:oak_stairs":2,"minecraft:wither_rose":1,"minecraft:enchanted_book":14,"minecraft:brewing_stand":8,"minecraft:soul_soil":13,"create:cart_assembler":1,"minecraft:diamond_leggings":1,"minecraft:gold_nugget":164,"minecraft:coal_block":10,"create:andesite_casing":45,"minecraft:sandstone_wall":6,"ironchest:gold_chest":15,"ironchest:diamond_chest":1,"toms_storage:ts.inventory_cable_connector":1,"mekanism:raw_tin":6,"minecraft:waxed_cut_copper_stairs":5,"minecraft:stone_sword":5,"quark:clear_shard":23,"aether:chainmail_gloves":1,"minecraft:red_tulip":1,"minecraft:waxed_cut_copper":2,"minecraft:blaze_rod":14,"minecraft:blackstone_stairs":1,"minecraft:iron_bars":1,"minecraft:birch_log":2,"minecraft:flint":156,"tombstone:familiar_receptacle":2,"create:encased_chain_drive":5,"create:mechanical_drill":14,"create:shaft":10,"quark:soul_bead":3,"minecraft:diamond_helmet":1,"minecraft:glowstone_dust":5,"create:empty_blaze_burner":1,"alexsmobs:animal_dictionary":2,"minecraft:bundle":3,"minecraft:granite":2,"minecraft:bread":117,"alexsmobs:maggot":1,"minecraft:rooted_dirt":1,"minecraft:bricks":1,"minecraft:crafting_table":2,"minecraft:coarse_dirt":4,"iceandfire:witherbone":10,"minecraft:leather_leggings":1,"minecraft:cornflower":4,"minecraft:netherite_scrap":36,"minecraft:iron_shovel":2,"iceandfire:graveyard_soil":7,"minecraft:beef":87,"minecraft:iron_nugget":7,"minecraft:minecart":2,"minecraft:chest":1,"minecraft:piston":1,"minecraft:amethyst_cluster":3,"sophisticatedbackpacks:backpack":2,"minecraft:carrot":14,"minecraft:redstone":65,"create:brass_casing":1,"create:vertical_gearbox":1,"create:steam_engine":1,"minecraft:tnt":5,"minecraft:diamond_chestplate":1,"minecraft:diamond_boots":1,"minecraft:hay_block":109,"minecraft:gold_ingot":351,"iceandfire:earplugs":2,"minecraft:mutton":6,"minecraft:rail":2,"minecraft:lime_bed":1,"minecraft:mud_bricks":17,"minecraft:red_mushroom":27,"minecraft:filled_map":2,"minecraft:packed_mud":5,"minecraft:oak_log":308,"alexsmobs:mosquito_proboscis":2,"minecraft:spawner":2,"create:crushing_wheel":2,"minecraft:apple":10,"minecraft:stone_bricks":1,"toms_storage:ts.inventory_hopper_basic":1,"tombstone:scroll_of_frost_resistance":1,"minecraft:iron_sword":3,"minecraft:dark_oak_stairs":1,"minecraft:gravel":79,"minecraft:crying_obsidian":28,"illagerinvasion:illusionary_dust":1,"create:gearbox":8,"minecraft:leather_helmet":1,"minecraft:stone_axe":1,"iceandfire:silver_sword":2,"minecraft:diamond_axe":5,"minecraft:baked_potato":6,"minecraft:warped_nylium":1,"minecraft:wheat":57,"minecraft:redstone_block":6,"tombstone:tablet_of_home":2,"quark:hollow_oak_log":1,"minecraft:nether_brick":19,"minecraft:stone_brick_stairs":5,"alexsmobs:ancient_dart":2,"minecraft:iron_leggings":1,"alexsmobs:blood_sac":2,"minecraft:redstone_torch":3,"bygonenether:soul_stone":8,"quark:black_shard":15,"minecraft:ender_eye":3,"minecraft:iron_pickaxe":5,"minecraft:iron_boots":1,"minecraft:tipped_arrow":2,"minecraft:stick":555,"apotheosis:gem":30,"ironchest:crystal_chest":1,"minecraft:polished_deepslate_stairs":1,"minecraft:torch":91,"minecraft:porkchop":2,"minecraft:dried_kelp":56,"tombstone:grave_dust":34,"minecraft:rotten_flesh":6,"minecraft:obsidian":17,"minecraft:cobblestone":2076,"minecraft:magma_cream":18,"create:fluid_tank":11,"minecraft:andesite":194,"minecraft:mud_brick_stairs":1,"create:belt_connector":4,"minecraft:lapis_lazuli":22,"minecraft:dirt":1890,"minecraft:name_tag":14,"minecraft:leather_boots":2,"minecraft:glass":33,"minecraft:bone":69,"minecraft:bow":2,"minecraft:wheat_seeds":3,"minecraft:oak_planks":69,"minecraft:black_terracotta":1,"minecraft:sand":31,"minecraft:nether_brick_stairs":26,"minecraft:diamond_block":22,"minecraft:lily_of_the_valley":1,"minecraft:chiseled_sandstone":3,"minecraft:mossy_cobblestone":15,"quark:gold_bars":1,"minecraft:sugar":2,"minecraft:diamond":61,"create:filter":5,"minecraft:slime_block":1,"waystones:waystone":2,"minecraft:polished_blackstone_button":2,"minecraft:crossbow":1,"minecraft:golden_apple":65,"minecraft:emerald":24,"minecraft:netherrack":48,"minecraft:oak_sapling":15,"minecraft:brown_mushroom":35,"minecraft:cooked_rabbit":1,"minecraft:gold_block":14,"create:schematic_table":1,"minecraft:shield":3,"minecraft:oak_trapdoor":7,"minecraft:iron_axe":1,"minecraft:item_frame":2,"minecraft:oak_boat":6,"minecraft:player_head":2,"minecraft:tinted_glass":3,"minecraft:sugar_cane":65,"minecraft:spruce_trapdoor":1,"minecraft:note_block":5,"minecraft:trident":4,"minecraft:dark_oak_planks":3,"minecraft:arrow":70,"minecraft:weeping_vines":1,"minecraft:nether_bricks":4,"minecraft:leather":12,"quark:smithing_template_rune":2,"minecraft:granite_stairs":2,"minecraft:chainmail_chestplate":1,"create:andesite_alloy":86,"create:blaze_burner":1,"minecraft:yellow_bed":2,"minecraft:gunpowder":10,"minecraft:cobblestone_wall":1,"minecraft:cobblestone_stairs":4,"minecraft:smooth_sandstone":12,"minecraft:iron_ingot":146,"minecraft:stripped_oak_wood":21,"minecraft:soul_sand":10,"sophisticatedbackpacks:diamond_backpack":3,"minecraft:book":31,"minecraft:oak_slab":6,"minecraft:emerald_block":2,"minecraft:nether_quartz_ore":5,"create:attribute_filter":1,"minecraft:chiseled_stone_bricks":2,"minecraft:quartz":82,"minecraft:raw_iron_block":18,"minecraft:amethyst_shard":15,"minecraft:mud_brick_wall":1,"minecraft:blast_furnace":2,"minecraft:white_bed":1,"create:brass_tunnel":3,"quark:oak_chest":55,"minecraft:spider_eye":6,"minecraft:honey_block":1,"minecraft:chainmail_leggings":2,"immersive_melodies:didgeridoo":1,"tombstone:magic_scroll":2,"minecraft:coal":21},"minecraft:custom":{"minecraft:interact_with_crafting_table":137,"minecraft:open_barrel":1,"minecraft:leave_game":28,"minecraft:time_since_death":28874,"minecraft:play_time":1083714,"minecraft:deaths":12,"minecraft:jump":20344,"minecraft:interact_with_furnace":70,"minecraft:play_record":1,"minecraft:traded_with_villager":25,"minecraft:sleep_in_bed":37,"minecraft:waystone_activated":4,"minecraft:damage_dealt":54145,"tombstone:undead_killed":117,"minecraft:horse_one_cm":860741,"minecraft:interact_with_anvil":1,"minecraft:damage_dealt_absorbed":53,"minecraft:sneak_time":50849,"minecraft:interact_with_blast_furnace":10,"minecraft:total_world_time":1083714,"tombstone:raider_killed":8,"minecraft:tune_noteblock":11,"minecraft:time_since_rest":28622,"tombstone:cast_on_ally":2,"minecraft:swim_one_cm":124181,"minecraft:fly_one_cm":5565064,"minecraft:open_chest":423,"minecraft:fall_one_cm":535243,"lootr:looted_stat":166,"minecraft:damage_resisted":519,"minecraft:sprint_one_cm":2545788,"minecraft:drop":360,"minecraft:play_noteblock":24,"minecraft:talked_to_villager":39,"minecraft:walk_on_water_one_cm":61950,"minecraft:open_enderchest":1,"minecraft:crouch_one_cm":184285,"tombstone:villager_killed":2,"minecraft:mob_kills":223,"minecraft:damage_dealt_resisted":0,"minecraft:climb_one_cm":36264,"minecraft:walk_one_cm":2712655,"minecraft:walk_under_water_one_cm":37271,"minecraft:boat_one_cm":104354,"minecraft:damage_taken":15158,"minecraft:damage_absorbed":373,"minecraft:trigger_trapped_chest":11},"minecraft:killed_by":{"iceandfire:ghost":1,"mowziesmobs:naga":2,"iceandfire:fire_dragon":2,"minecraft:skeleton":3},"minecraft:killed":{"minecraft:skeleton":42,"minecraft:chicken":1,"minecraft:magma_cube":22,"minecraft:pillager":4,"minecraft:zombie":20,"alexsmobs:mungus":1,"minecraft:cow":8,"minecraft:vindicator":1,"alexsmobs:seagull":5,"bygonenether:wraither":5,"iceandfire:siren":3,"minecraft:wandering_trader":2,"iceandfire:ghost":23,"quark:wraith":1,"minecraft:enderman":2,"minecraft:witch":1,"minecraft:spider":3,"minecraft:bee":1,"minecraft:illusioner":1,"artifacts:mimic":1,"minecraft:piglin":1,"minecraft:pig":2,"quark:stoneling":1,"minecraft:creeper":3,"alexsmobs:crimson_mosquito":6,"minecraft:sheep":1,"minecraft:trader_llama":4,"minecraft:stray":2,"alexsmobs:fly":3,"minecraft:blaze":11,"bygonenether:corpor":2,"minecraft:phantom":1,"bygonenether:wither_skeleton_knight":1,"alexsmobs:soul_vulture":1,"alexsmobs:bison":8,"quark:foxhound":4,"alexsmobs:crow":1,"minecraft:wither_skeleton":19,"bygonenether:wex":5},"minecraft:crafted":{"toms_storage:ts.inventory_cable_connector":8,"alexsmobs:banana_peel":2,"create:brass_nugget":9,"ironfurnaces:iron_furnace":2,"minecraft:diamond_shovel":2,"ironfurnaces:diamond_furnace":2,"ironchest:crystal_chest":8,"minecraft:glass":2,"create:cogwheel":17,"toms_storage:ts.crafting_terminal":1,"create:rose_quartz":4,"minecraft:emerald":108,"minecraft:diamond_axe":1,"create:adjustable_chain_gearshift":2,"create:attribute_filter":1,"iceandfire:earplugs":1,"minecraft:campfire":9,"create:encased_chain_drive":21,"create:gearbox":4,"villagersplus:oceanographer_table":1,"ironfurnaces:crystal_furnace":2,"quark:oak_chest":18,"minecraft:iron_block":3,"minecraft:gold_ingot":12,"minecraft:netherite_ingot":4,"quark:pickarang":1,"minecraft:golden_carrot":24,"create:wrench":1,"minecraft:iron_nugget":378,"toms_storage:ts.inventory_connector":1,"create:electron_tube":4,"minecraft:dark_oak_planks":3,"minecraft:wheat":501,"ironchest:gold_chest":12,"create:brass_tunnel":4,"minecraft:dried_kelp":0,"create:goggles":1,"sophisticatedbackpacks:gold_backpack":1,"create:shaft":10,"toms_storage:ts.inventory_hopper_basic":2,"minecraft:oak_planks":546,"minecraft:barrel":6,"minecraft:stone":0,"minecraft:hopper":3,"tombstone:grave_key":1,"toms_storage:ts.storage_terminal":1,"minecraft:comparator":3,"minecraft:copper_block":3,"minecraft:golden_boots":1,"minecraft:crafting_table":9,"create:sand_paper":2,"minecraft:gold_block":17,"ironchest:diamond_chest":11,"minecraft:dark_oak_slab":6,"minecraft:paper":3,"minecraft:emerald_block":13,"minecraft:stick":164,"sophisticatedbackpacks:diamond_backpack":1,"minecraft:redstone_torch":9,"create:empty_blaze_burner":9,"minecraft:oak_door":3,"minecraft:redstone":48,"minecraft:coal":1,"ironfurnaces:gold_furnace":2,"create:steam_engine":3,"minecraft:furnace":4,"minecraft:oak_trapdoor":28,"minecraft:flint_and_steel":1,"create:fluid_tank":8,"toms_storage:ts.inventory_cable":36,"create:filter":1,"sophisticatedbackpacks:iron_backpack":1,"minecraft:sugar":16,"create:andesite_alloy":179,"minecraft:bucket":18,"minecraft:air":308,"minecraft:bread":167,"minecraft:oak_boat":2,"minecraft:gold_nugget":315,"minecraft:anvil":1,"create:mechanical_drill":9,"minecraft:andesite":268,"minecraft:torch":64,"ironchest:iron_chest":12},"minecraft:dropped":{"minecraft:iron_sword":3,"minecraft:piston":1,"minecraft:lapis_lazuli":22,"quark:gold_bars":1,"minecraft:diamond":1,"minecraft:crafting_table":2,"minecraft:dark_oak_slab":1,"immersive_melodies:lute":1,"minecraft:mossy_stone_brick_stairs":4,"minecraft:cracked_stone_bricks":5,"minecraft:leather_helmet":1,"minecraft:red_mushroom":13,"minecraft:item_frame":2,"minecraft:dirt":40,"minecraft:gold_nugget":9,"minecraft:sand":64,"minecraft:white_wool":1,"minecraft:cyan_carpet":2,"minecraft:waxed_cut_copper_stairs":4,"minecraft:goat_horn":1,"create:brass_tunnel":3,"alexsmobs:animal_dictionary":2,"minecraft:nether_brick":3,"minecraft:rotten_flesh":20,"minecraft:oak_planks":15,"alexsmobs:blood_sac":2,"create:encased_fan":2,"quark:hollow_oak_log":1,"minecraft:quartz_block":8,"minecraft:honey_block":1,"minecraft:leather_boots":3,"apotheosis:gem":7,"minecraft:spruce_slab":2,"quark:smithing_template_rune":1,"minecraft:campfire":9,"minecraft:crying_obsidian":2,"minecraft:stone_brick_stairs":10,"farmersdelight:straw_bale":1,"create:mechanical_mixer":1,"minecraft:enchanted_book":5,"minecraft:golden_boots":1,"minecraft:iron_ingot":65,"create:attribute_filter":1,"minecraft:wheat_seeds":3,"ironchest:diamond_chest":1,"create:polished_rose_quartz":6,"ironchest:gold_chest":1,"minecraft:iron_helmet":2,"minecraft:cobblestone":2198,"minecraft:book":6,"minecraft:polished_blackstone_button":2,"minecraft:wooden_axe":1,"minecraft:dried_kelp":183,"minecraft:oak_stairs":1,"minecraft:mossy_cobblestone_stairs":2,"minecraft:chainmail_leggings":2,"create:mechanical_drill":3,"minecraft:string":39,"minecraft:smooth_sandstone":12,"create:raw_zinc":205,"minecraft:bricks":1,"minecraft:moss_carpet":2,"minecraft:player_head":5,"iceandfire:ghost_ingot":1,"minecraft:stone_sword":1,"minecraft:clay_ball":7,"minecraft:iron_boots":1,"sophisticatedbackpacks:backpack":1,"minecraft:nether_bricks":3,"minecraft:cobblestone_slab":1,"minecraft:waxed_cut_copper":4,"minecraft:spruce_trapdoor":1,"minecraft:bundle":2,"create:hand_crank":1,"minecraft:redstone_torch":3,"minecraft:spider_eye":6,"minecraft:stone_bricks":4,"minecraft:bow":1,"create:steam_engine":3,"minecraft:diamond_axe":1,"minecraft:oak_log":40,"create:filter":3,"alexsmobs:bison_fur":10,"minecraft:flint":206,"minecraft:netherite_scrap":18,"minecraft:cornflower":4,"minecraft:mutton":3,"create:iron_sheet":21,"create:large_cogwheel":1,"minecraft:stripped_oak_wood":5,"minecraft:birch_log":1,"minecraft:gold_ingot":26,"create:crushing_wheel":2,"minecraft:gravel":19,"lootr:trophy":1,"minecraft:sandstone_wall":6,"minecraft:chiseled_stone_bricks":4,"minecraft:trident":1,"minecraft:chest":1,"minecraft:arrow":1,"minecraft:iron_bars":19,"create:mechanical_press":1,"minecraft:quartz":2,"minecraft:netherrack":49,"create:andesite_alloy":162,"minecraft:spawner":1,"minecraft:bread":65,"minecraft:oak_slab":5,"minecraft:mossy_cobblestone":28,"minecraft:diamond_leggings":1,"minecraft:copper_ingot":256,"minecraft:stick":5,"quark:clear_shard":13,"minecraft:brewing_stand":3,"tombstone:grave_dust":23,"minecraft:polished_blackstone_brick_slab":1,"minecraft:redstone":24,"minecraft:kelp":192,"minecraft:warped_nylium":1,"minecraft:oak_trapdoor":3,"minecraft:coarse_dirt":2,"minecraft:raw_copper":79,"iceandfire:witherbone":9,"minecraft:stripped_oak_log":1,"create:rotation_speed_controller":1,"minecraft:filled_map":1,"aether:chainmail_gloves":1,"minecraft:iron_chestplate":2,"minecraft:andesite":113,"minecraft:mossy_stone_bricks":3,"minecraft:oak_sapling":49,"minecraft:spruce_log":1,"minecraft:nether_quartz_ore":5,"minecraft:calcite":16,"create:golden_sheet":9},"minecraft:mined":{"minecraft:dark_oak_planks":4,"minecraft:white_bed":2,"minecraft:black_terracotta":3,"create:andesite_casing":45,"minecraft:obsidian":8,"minecraft:granite":2,"toms_storage:ts.inventory_cable_connector":2,"minecraft:coal_block":5,"minecraft:hopper":2,"create:belt":4,"minecraft:chiseled_stone_bricks":2,"minecraft:spawner":21,"minecraft:weeping_vines_plant":1,"ironchest:crystal_chest":1,"minecraft:mossy_cobblestone_stairs":3,"minecraft:fire":23,"ironchest:gold_chest":9,"minecraft:nether_brick_stairs":27,"toms_storage:ts.inventory_connector":1,"minecraft:dirt_path":1,"minecraft:oak_stairs":1,"create:mechanical_press":1,"mekanism:osmium_ore":4,"minecraft:brown_mushroom":4,"quark:gold_bars":1,"minecraft:powder_snow":1,"ironfurnaces:iron_furnace":1,"minecraft:torch":13,"minecraft:note_block":5,"minecraft:blast_furnace":2,"minecraft:mud_brick_stairs":3,"minecraft:white_stained_glass_pane":1,"minecraft:glass":9,"toms_storage:ts.inventory_hopper_basic":3,"minecraft:sugar_cane":4,"sophisticatedbackpacks:diamond_backpack":5,"minecraft:tinted_glass":3,"create:mechanical_mixer":1,"minecraft:wither_rose":1,"minecraft:stone_brick_stairs":5,"minecraft:grass":51,"minecraft:red_mushroom_block":130,"minecraft:piston":1,"villagersplus:oceanographer_table":1,"create:zinc_ore":13,"iceandfire:silver_ore":3,"minecraft:mossy_cobblestone":16,"farmersdelight:wild_carrots":13,"minecraft:dark_oak_log":3,"create:fluid_tank":1,"minecraft:nether_bricks":3,"create:shaft":8,"minecraft:packed_mud":5,"minecraft:andesite":178,"minecraft:mossy_stone_brick_stairs":1,"minecraft:vine":8,"ironchest:iron_chest":10,"minecraft:oak_slab":3,"minecraft:soul_sand":1,"quark:oak_chest":26,"minecraft:dandelion":2,"minecraft:tall_grass":11,"minecraft:copper_ore":6,"minecraft:diorite":1,"minecraft:warped_wart_block":1,"create:blaze_burner":2,"minecraft:coarse_dirt":4,"minecraft:cobblestone_wall":1,"create:gearbox":10,"minecraft:spruce_log":1,"toms_storage:ts.inventory_cable":5,"create:mechanical_drill":14,"minecraft:mycelium":3273,"minecraft:gravel":50,"minecraft:stone_bricks":4,"minecraft:fern":1,"iceandfire:graveyard_soil":7,"minecraft:oak_sapling":9,"minecraft:cobblestone_stairs":3,"minecraft:brewing_stand":5,"minecraft:spruce_trapdoor":3,"minecraft:grass_block":66,"minecraft:soul_soil":7,"minecraft:mud_brick_wall":1,"minecraft:mud_bricks":16,"minecraft:raw_iron_block":1,"minecraft:glowstone":13,"minecraft:iron_ore":26,"toms_storage:ts.storage_terminal":2,"minecraft:anvil":1,"minecraft:dark_oak_stairs":1,"minecraft:iron_bars":15,"minecraft:potted_cornflower":1,"minecraft:granite_stairs":2,"minecraft:spruce_slab":3,"minecraft:waxed_cut_copper":6,"minecraft:waxed_cut_copper_stairs":6,"minecraft:quartz_block":6,"create:steam_engine":1,"minecraft:polished_deepslate_stairs":1,"iceandfire:dragon_ice_spikes":1,"minecraft:mushroom_stem":30,"create:brass_casing":1,"minecraft:nether_quartz_ore":45,"minecraft:cobblestone":50,"minecraft:slime_block":1,"minecraft:oak_planks":59,"minecraft:wall_torch":16,"minecraft:warped_nylium":3,"minecraft:dark_oak_slab":1,"lootr:trophy":1,"minecraft:tnt":4,"ironchest:diamond_chest":6,"minecraft:yellow_stained_glass_pane":1,"minecraft:oak_log":91,"minecraft:sand":347,"minecraft:dirt":2443,"quark:hollow_oak_log":5,"create:encased_chain_drive":7,"villagersplus:occultist_table":1,"minecraft:netherrack":54,"minecraft:oak_leaves":46,"minecraft:nether_gold_ore":2,"minecraft:brown_mushroom_block":62,"minecraft:spruce_leaves":8,"minecraft:rooted_dirt":1,"minecraft:large_fern":4,"minecraft:hay_block":110,"minecraft:oak_trapdoor":1,"minecraft:furnace":3,"minecraft:bookshelf":3,"minecraft:stripped_oak_log":4,"minecraft:stone":380,"minecraft:crafting_table":4,"minecraft:honey_block":1,"farmersdelight:straw_bale":1,"create:schematic_table":1,"minecraft:lime_bed":1,"minecraft:yellow_bed":2,"minecraft:gray_carpet":1,"minecraft:cracked_stone_bricks":4,"minecraft:mossy_stone_bricks":2},"minecraft:broken":{"aether:golden_gloves":1,"minecraft:golden_boots":1,"minecraft:iron_boots":1,"minecraft:iron_leggings":1,"minecraft:iron_helmet":1,"minecraft:diamond_axe":2,"create:sand_paper":1}},"DataVersion":3465}