{"stats":{"minecraft:picked_up":{"minecraft:dirt":1},"minecraft:custom":{"minecraft:jump":85,"minecraft:time_since_rest":5474,"minecraft:crouch_one_cm":104,"minecraft:sprint_one_cm":7692,"minecraft:play_time":5474,"minecraft:damage_taken":90,"minecraft:time_since_death":5474,"minecraft:walk_one_cm":9566,"minecraft:sneak_time":261,"minecraft:total_world_time":5474,"minecraft:fall_one_cm":2719,"minecraft:fly_one_cm":143045,"minecraft:open_barrel":2},"minecraft:mined":{"minecraft:grass_block":1}},"DataVersion":3465}