{"stats":{"minecraft:killed_by":{"mowziesmobs:naga":2},"minecraft:dropped":{"minecraft:enchanted_book":3,"minecraft:iron_ingot":2,"minecraft:bricks":1,"minecraft:iron_sword":3,"minecraft:oak_slab":5,"minecraft:wheat_seeds":1,"minecraft:oak_trapdoor":3,"alexsmobs:animal_dictionary":2,"minecraft:iron_helmet":1,"minecraft:book":6,"minecraft:oak_planks":8,"minecraft:leather_helmet":1,"minecraft:item_frame":2,"minecraft:stick":4,"minecraft:sandstone_wall":6,"aether:chainmail_gloves":1,"minecraft:iron_chestplate":2,"minecraft:leather_boots":1,"apotheosis:gem":6,"minecraft:redstone_torch":2,"minecraft:oak_stairs":1,"minecraft:stripped_oak_wood":5,"minecraft:chainmail_leggings":2,"minecraft:smooth_sandstone":12},"minecraft:mined":{"minecraft:quartz_block":6,"minecraft:mossy_cobblestone":12,"farmersdelight:wild_carrots":13,"minecraft:dandelion":2,"minecraft:torch":3,"minecraft:grass_block":1,"minecraft:sugar_cane":1,"minecraft:wall_torch":10,"minecraft:spawner":4,"minecraft:mossy_cobblestone_stairs":3,"minecraft:stone_brick_stairs":2,"minecraft:grass":9,"minecraft:mossy_stone_brick_stairs":1,"minecraft:vine":8,"minecraft:iron_bars":9,"minecraft:cracked_stone_bricks":4,"minecraft:stone_bricks":2,"minecraft:mossy_stone_bricks":2},"minecraft:broken":{"aether:golden_gloves":1},"minecraft:picked_up":{"minecraft:iron_chestplate":2,"minecraft:leather":3,"minecraft:oak_stairs":2,"minecraft:enchanted_book":2,"minecraft:chainmail_chestplate":1,"minecraft:dirt":1,"minecraft:oak_trapdoor":7,"minecraft:iron_leggings":1,"minecraft:leather_boots":2,"minecraft:item_frame":2,"minecraft:smooth_sandstone":12,"minecraft:bone":2,"minecraft:wheat_seeds":1,"minecraft:iron_ingot":2,"minecraft:beef":7,"minecraft:redstone_torch":2,"minecraft:stripped_oak_wood":21,"quark:black_shard":15,"minecraft:iron_pickaxe":1,"minecraft:sugar_cane":2,"minecraft:iron_sword":2,"minecraft:oak_planks":15,"minecraft:book":12,"minecraft:oak_slab":5,"apotheosis:gem":10,"minecraft:torch":2,"minecraft:sandstone_wall":6,"tombstone:grave_dust":4,"minecraft:carrot":13,"minecraft:lily_of_the_valley":1,"minecraft:redstone":1,"minecraft:chiseled_sandstone":3,"alexsmobs:animal_dictionary":2,"minecraft:leather_helmet":1,"minecraft:bundle":1,"minecraft:arrow":1,"minecraft:sugar":2,"minecraft:rotten_flesh":6,"aether:chainmail_gloves":1,"minecraft:chainmail_leggings":2,"minecraft:emerald":1,"minecraft:bricks":1,"minecraft:wooden_axe":1},"minecraft:used":{"minecraft:iron_sword":223,"minecraft:cooked_chicken":2,"minecraft:rotten_flesh":4,"minecraft:torch":55,"minecraft:iron_chestplate":8,"minecraft:dirt":1,"minecraft:carrot":25,"minecraft:redstone_torch":1,"minecraft:iron_pickaxe":56,"minecraft:iron_helmet":1,"minecraft:iron_boots":2,"minecraft:stripped_oak_wood":3,"tombstone:gift":2,"minecraft:cooked_beef":10},"minecraft:killed":{"minecraft:witch":1,"minecraft:spider":2,"minecraft:creeper":2,"minecraft:skeleton":4,"minecraft:zombie":10,"minecraft:chicken":1,"minecraft:stray":1,"minecraft:wither_skeleton":5,"minecraft:cow":4},"minecraft:crafted":{"minecraft:stick":4},"minecraft:custom":{"lootr:looted_stat":63,"minecraft:mob_kills":30,"tombstone:raider_killed":1,"minecraft:interact_with_crafting_table":1,"minecraft:damage_dealt_resisted":0,"minecraft:leave_game":1,"minecraft:time_since_death":52494,"minecraft:climb_one_cm":18312,"minecraft:damage_resisted":166,"minecraft:time_since_rest":51816,"minecraft:sprint_one_cm":262747,"minecraft:damage_taken":1918,"minecraft:walk_one_cm":176241,"minecraft:drop":57,"minecraft:damage_dealt":6920,"minecraft:swim_one_cm":13772,"minecraft:fly_one_cm":224219,"minecraft:crouch_one_cm":7339,"minecraft:play_time":63367,"tombstone:undead_killed":20,"minecraft:deaths":2,"minecraft:sneak_time":1646,"minecraft:walk_under_water_one_cm":4793,"minecraft:jump":975,"minecraft:walk_on_water_one_cm":1602,"minecraft:total_world_time":63367,"minecraft:fall_one_cm":24287}},"DataVersion":3465}