{"stats":{"minecraft:killed_by":{"mowziesmobs:naga":2},"minecraft:dropped":{"minecraft:enchanted_book":3,"minecraft:iron_ingot":2,"minecraft:bricks":1,"minecraft:iron_sword":3,"minecraft:oak_slab":5,"minecraft:wheat_seeds":1,"minecraft:oak_trapdoor":3,"minecraft:lapis_lazuli":22,"alexsmobs:animal_dictionary":2,"minecraft:diamond_leggings":1,"minecraft:iron_helmet":1,"minecraft:book":6,"minecraft:oak_planks":8,"minecraft:nether_bricks":1,"minecraft:leather_helmet":1,"minecraft:item_frame":2,"minecraft:stick":4,"minecraft:sandstone_wall":6,"aether:chainmail_gloves":1,"minecraft:wooden_axe":1,"minecraft:chest":1,"minecraft:iron_chestplate":2,"minecraft:leather_boots":2,"apotheosis:gem":6,"minecraft:spider_eye":6,"minecraft:redstone_torch":3,"minecraft:oak_stairs":1,"minecraft:stripped_oak_wood":5,"minecraft:chainmail_leggings":2,"minecraft:smooth_sandstone":12,"minecraft:gold_ingot":1},"minecraft:mined":{"iceandfire:graveyard_soil":7,"minecraft:quartz_block":6,"minecraft:mossy_cobblestone":12,"farmersdelight:wild_carrots":13,"minecraft:dandelion":2,"minecraft:torch":9,"minecraft:grass_block":3,"minecraft:cobblestone":2,"minecraft:tall_grass":2,"minecraft:sugar_cane":1,"minecraft:wall_torch":14,"minecraft:large_fern":1,"minecraft:spawner":4,"minecraft:coarse_dirt":2,"minecraft:mossy_cobblestone_stairs":3,"minecraft:wither_rose":1,"minecraft:nether_brick_stairs":27,"minecraft:stone_brick_stairs":2,"minecraft:grass":14,"minecraft:mossy_stone_brick_stairs":1,"minecraft:vine":8,"minecraft:iron_bars":13,"minecraft:gravel":2,"minecraft:dirt":12,"minecraft:cracked_stone_bricks":4,"minecraft:stone":6,"minecraft:stone_bricks":3,"minecraft:mossy_stone_bricks":2},"minecraft:broken":{"aether:golden_gloves":1},"minecraft:picked_up":{"minecraft:coarse_dirt":2,"minecraft:iron_chestplate":3,"minecraft:leather":3,"tombstone:tablet_of_home":1,"minecraft:oak_stairs":2,"minecraft:wither_rose":1,"minecraft:enchanted_book":2,"minecraft:chainmail_chestplate":1,"minecraft:shield":1,"minecraft:lapis_lazuli":22,"minecraft:dirt":10,"minecraft:oak_trapdoor":7,"minecraft:iron_shovel":1,"minecraft:iron_leggings":1,"minecraft:leather_boots":2,"minecraft:item_frame":2,"minecraft:smooth_sandstone":12,"minecraft:bone":2,"iceandfire:graveyard_soil":3,"minecraft:diamond_leggings":1,"minecraft:wheat_seeds":1,"minecraft:iron_ingot":2,"minecraft:beef":7,"minecraft:redstone_torch":3,"minecraft:stripped_oak_wood":21,"quark:black_shard":15,"minecraft:iron_pickaxe":1,"minecraft:sugar_cane":2,"minecraft:chest":1,"minecraft:iron_sword":2,"minecraft:oak_planks":15,"minecraft:book":12,"minecraft:oak_slab":5,"apotheosis:gem":11,"minecraft:torch":16,"minecraft:sandstone_wall":6,"minecraft:spider_eye":6,"minecraft:nether_brick_stairs":26,"tombstone:grave_dust":4,"minecraft:carrot":14,"minecraft:lily_of_the_valley":1,"minecraft:redstone":1,"minecraft:chiseled_sandstone":3,"alexsmobs:animal_dictionary":2,"minecraft:leather_helmet":1,"minecraft:bundle":1,"minecraft:arrow":1,"minecraft:sugar":2,"minecraft:rotten_flesh":6,"minecraft:nether_bricks":2,"aether:chainmail_gloves":1,"minecraft:chainmail_leggings":2,"minecraft:emerald":1,"minecraft:netherrack":1,"minecraft:bricks":1,"minecraft:wooden_axe":2},"minecraft:killed":{"minecraft:witch":1,"minecraft:spider":3,"alexsmobs:seagull":1,"minecraft:creeper":3,"minecraft:skeleton":6,"minecraft:zombie":17,"iceandfire:ghost":6,"minecraft:chicken":1,"minecraft:stray":2,"minecraft:wither_skeleton":5,"minecraft:cow":4},"minecraft:used":{"minecraft:iron_shovel":24,"minecraft:iron_sword":240,"minecraft:cooked_chicken":2,"minecraft:rotten_flesh":4,"minecraft:torch":90,"minecraft:iron_chestplate":8,"minecraft:dirt":1,"minecraft:carrot":25,"minecraft:redstone_torch":3,"minecraft:iron_pickaxe":97,"minecraft:iron_helmet":1,"minecraft:iron_boots":4,"minecraft:diamond_chestplate":1,"minecraft:diamond_sword":74,"minecraft:golden_carrot":7,"minecraft:stripped_oak_wood":3,"tombstone:gift":2,"minecraft:cooked_beef":15},"minecraft:crafted":{"minecraft:gold_block":15,"minecraft:stick":4},"minecraft:custom":{"lootr:looted_stat":79,"minecraft:mob_kills":49,"tombstone:raider_killed":1,"minecraft:interact_with_crafting_table":2,"minecraft:damage_dealt_resisted":0,"minecraft:leave_game":1,"minecraft:time_since_death":76494,"minecraft:climb_one_cm":19543,"minecraft:damage_resisted":206,"minecraft:time_since_rest":75816,"minecraft:sprint_one_cm":441608,"minecraft:damage_taken":2927,"minecraft:walk_one_cm":257385,"minecraft:trigger_trapped_chest":4,"minecraft:drop":69,"minecraft:damage_dealt":10805,"minecraft:damage_dealt_absorbed":53,"minecraft:swim_one_cm":24210,"minecraft:fly_one_cm":295063,"minecraft:crouch_one_cm":7617,"minecraft:play_time":87367,"tombstone:undead_killed":36,"minecraft:deaths":2,"minecraft:sneak_time":1842,"minecraft:walk_under_water_one_cm":10439,"minecraft:jump":1290,"minecraft:walk_on_water_one_cm":4646,"minecraft:total_world_time":87367,"minecraft:fall_one_cm":30766}},"DataVersion":3465}