{"stats":{"minecraft:picked_up":{"minecraft:leather":4,"minecraft:beef":7,"minecraft:dirt":1},"minecraft:custom":{"minecraft:open_barrel":2,"minecraft:time_since_rest":18981,"minecraft:open_chest":3,"minecraft:crouch_one_cm":190,"minecraft:play_time":18981,"minecraft:sprint_one_cm":41587,"minecraft:damage_taken":90,"minecraft:walk_one_cm":21573,"minecraft:sneak_time":838,"minecraft:trigger_trapped_chest":6,"minecraft:walk_under_water_one_cm":1843,"minecraft:mob_kills":3,"minecraft:jump":348,"minecraft:damage_dealt":370,"minecraft:leave_game":1,"minecraft:time_since_death":18981,"minecraft:walk_on_water_one_cm":155,"minecraft:total_world_time":18981,"minecraft:fall_one_cm":2719,"minecraft:fly_one_cm":530869},"minecraft:killed":{"minecraft:cow":3},"minecraft:mined":{"minecraft:grass_block":1}},"DataVersion":3465}