{"stats":{"minecraft:picked_up":{"minecraft:sandstone_wall":12,"minecraft:dirt":1},"minecraft:used":{"minecraft:sandstone_wall":7},"minecraft:mined":{"minecraft:grass":5,"minecraft:grass_block":1},"minecraft:custom":{"minecraft:jump":111,"minecraft:time_since_rest":3696,"minecraft:walk_on_water_one_cm":326,"minecraft:sprint_one_cm":15156,"minecraft:play_time":3696,"minecraft:damage_taken":130,"minecraft:time_since_death":3696,"minecraft:walk_one_cm":4360,"minecraft:total_world_time":3696,"minecraft:walk_under_water_one_cm":5,"minecraft:swim_one_cm":602,"minecraft:fall_one_cm":5798,"minecraft:fly_one_cm":25347}},"DataVersion":3465}