{"stats":{"minecraft:used":{"create:deployer":28,"create:brass_casing":1,"minecraft:spruce_slab":3,"minecraft:poppy":1,"minecraft:chest":1,"lootr:trophy":1,"create:fluid_tank":56,"minecraft:soul_sand":4,"minecraft:cut_copper":10,"create:white_sail":26,"create:mechanical_crafter":22,"create:depot":15,"minecraft:azure_bluet":2,"minecraft:lava_bucket":11,"create:rotation_speed_controller":13,"create:shaft":270,"minecraft:oak_sapling":29,"create:steam_engine":24,"minecraft:furnace":1,"minecraft:diorite":3,"minecraft:blackstone":81,"minecraft:mossy_stone_brick_stairs":1,"minecraft:golden_apple":51,"minecraft:sand":1,"minecraft:blast_furnace":2,"minecraft:cyan_carpet":1,"create:adjustable_chain_gearshift":4,"minecraft:nether_wart_block":2,"create:basin":8,"minecraft:birch_log":1,"minecraft:oak_boat":2,"create:steam_whistle":3,"minecraft:iron_bars":2,"iceandfire:silver_sword":908,"create:schematic_table":1,"minecraft:sandstone_wall":16,"minecraft:netherrack":85,"minecraft:torch":52,"minecraft:warped_wart_block":1,"minecraft:golden_shovel":32,"minecraft:nether_brick_stairs":2,"create:wrench":1460,"create:gearbox":50,"minecraft:iron_axe":178,"minecraft:mud_bricks":37,"minecraft:barrel":1,"minecraft:smooth_basalt":2,"create:encased_chain_drive":20,"tombstone:gift":12,"create:fluid_pipe":20,"create:belt_connector":61,"minecraft:water_bucket":54,"minecraft:warped_stem":1,"minecraft:waxed_oxidized_cut_copper":2,"create:brass_tunnel":10,"minecraft:cauldron":1,"create:blaze_burner":30,"minecraft:mossy_cobblestone":2,"minecraft:rail":30,"create:encased_fan":13,"minecraft:crafting_table":19,"minecraft:oak_slab":5,"minecraft:white_bed":2,"minecraft:campfire":9,"create:filter":25,"minecraft:oak_log":167,"minecraft:diamond_pickaxe":1149,"minecraft:cornflower":1,"minecraft:oxeye_daisy":1,"minecraft:diamond_shovel":1338,"minecraft:iron_pickaxe":146,"create:water_wheel":3,"minecraft:cobblestone":47,"quark:oak_chest":31,"create:clutch":1,"minecraft:stripped_oak_log":13,"minecraft:dandelion":9,"minecraft:waxed_exposed_cut_copper":1,"minecraft:iron_shovel":29,"minecraft:polished_deepslate":1,"create:portable_storage_interface":5,"minecraft:shield":13,"minecraft:iron_sword":288,"create:mechanical_bearing":1,"minecraft:iron_chestplate":2,"create:minecart_contraption":2,"create:cogwheel":184,"minecraft:nether_bricks":66,"minecraft:carrot":3,"minecraft:glass":64,"minecraft:packed_mud":10,"minecraft:warped_nylium":1,"minecraft:redstone_lamp":1,"minecraft:hay_block":8,"create:mechanical_drill":7,"bygonenether:cobbled_blackstone":1,"minecraft:dark_oak_stairs":1,"create:crushing_wheel":25,"minecraft:oak_planks":76,"minecraft:diamond_axe":1229,"create:mechanical_saw":5,"minecraft:crossbow":4,"minecraft:note_block":6,"minecraft:shears":84,"minecraft:redstone_torch":17,"minecraft:black_terracotta":1,"minecraft:lever":13,"quark:hollow_oak_log":1,"minecraft:bread":81,"create:andesite_casing":16,"minecraft:gravel":21,"minecraft:stripped_oak_wood":2,"create:stressometer":10,"minecraft:andesite":13,"create:vertical_gearbox":94,"ironchest:crystal_chest":1,"minecraft:bone_meal":17,"create:large_cogwheel":103,"minecraft:trident":65,"minecraft:flint_and_steel":1,"create:item_vault":55,"minecraft:spruce_planks":18,"minecraft:dirt":657,"create:mechanical_pump":9,"minecraft:spyglass":5,"ironchest:diamond_chest":2,"create:mechanical_mixer":6,"create:chute":3,"minecraft:dark_oak_planks":13,"create:cart_assembler":10,"minecraft:golden_carrot":70,"create:radial_chassis":3,"minecraft:soul_soil":1,"minecraft:minecart":15,"minecraft:cooked_beef":12,"minecraft:cobblestone_stairs":1,"create:empty_blaze_burner":20,"minecraft:baked_potato":9,"minecraft:brown_mushroom":1,"create:brass_funnel":24,"minecraft:dark_prismarine_slab":2,"minecraft:lime_bed":2,"minecraft:red_mushroom":5,"tombstone:bag_of_seeds":2,"create:linear_chassis":46,"minecraft:apple":5,"create:mechanical_press":24,"create:windmill_bearing":3,"create:large_water_wheel":16,"minecraft:mud_brick_wall":1,"minecraft:bucket":94,"minecraft:pumpkin_pie":1,"create:hand_crank":35,"minecraft:polished_blackstone_button":1,"minecraft:splash_potion":2,"minecraft:chainmail_leggings":1},"minecraft:picked_up":{"minecraft:wooden_axe":1,"minecraft:iron_chestplate":2,"minecraft:chainmail_boots":1,"minecraft:flower_pot":1,"minecraft:lead":4,"minecraft:oak_stairs":67,"minecraft:wither_rose":1,"minecraft:enchanted_book":2,"minecraft:golden_sword":1,"minecraft:polished_deepslate_wall":1,"minecraft:polished_deepslate":1,"minecraft:string":81,"minecraft:soul_soil":1,"minecraft:cooked_salmon":2,"create:water_wheel":3,"minecraft:gold_nugget":51,"create:cart_assembler":9,"minecraft:diamond_leggings":1,"minecraft:cobbled_deepslate":5,"minecraft:waxed_exposed_cut_copper":2,"minecraft:coal_block":6,"minecraft:acacia_log":1,"create:andesite_casing":16,"minecraft:sandstone_wall":18,"ironchest:diamond_chest":2,"mekanism:raw_tin":7,"minecraft:cauldron":2,"minecraft:waxed_cut_copper_stairs":2,"quark:clear_shard":24,"minecraft:waxed_cut_copper":6,"minecraft:blaze_rod":17,"minecraft:iron_bars":18,"minecraft:flint":523,"create:encased_chain_drive":11,"create:mechanical_drill":3,"create:shaft":50,"quark:soul_bead":1,"minecraft:moss_block":1,"create:super_glue":2,"minecraft:warped_wart_block":1,"create:empty_blaze_burner":1,"minecraft:ink_sac":3,"alexsmobs:animal_dictionary":2,"minecraft:barrel":1,"minecraft:dark_oak_log":2,"minecraft:lever":11,"minecraft:granite":3,"minecraft:chainmail_helmet":3,"minecraft:bread":64,"alexsmobs:maggot":1,"minecraft:crafting_table":9,"minecraft:coarse_dirt":2,"minecraft:purple_wool":43,"iceandfire:witherbone":18,"minecraft:clay_ball":2,"minecraft:cornflower":5,"create:fluid_pipe":2,"alexsmobs:pigshoes":1,"minecraft:flint_and_steel":1,"iceandfire:ghost_ingot":1,"iceandfire:graveyard_soil":3,"minecraft:beef":1,"minecraft:poppy":4,"minecraft:iron_nugget":68,"minecraft:spruce_slab":23,"minecraft:minecart":15,"create:clutch":1,"create:polished_rose_quartz":6,"minecraft:oak_door":1,"minecraft:amethyst_cluster":3,"minecraft:fire_charge":4,"minecraft:carrot":1,"minecraft:redstone":58,"create:brass_casing":1,"create:steam_engine":4,"create:vertical_gearbox":15,"minecraft:diamond_chestplate":1,"minecraft:waxed_oxidized_cut_copper_stairs":1,"minecraft:cut_copper":15,"minecraft:hay_block":18,"create:depot":8,"minecraft:rail":28,"minecraft:oxeye_daisy":2,"minecraft:stripped_oak_log":13,"minecraft:lime_bed":2,"create:iron_sheet":21,"minecraft:mud_bricks":42,"minecraft:red_mushroom":5,"minecraft:packed_mud":19,"minecraft:oak_log":247,"minecraft:golden_boots":1,"alexsmobs:mosquito_proboscis":2,"tombstone:gift":1,"minecraft:spawner":1,"create:crushing_wheel":6,"minecraft:stone_bricks":1,"minecraft:apple":8,"minecraft:kelp":462,"mowziesmobs:foliaath_seed":3,"minecraft:warped_stem":4,"minecraft:iron_sword":2,"minecraft:dark_oak_stairs":1,"create:mechanical_saw":1,"minecraft:smooth_basalt":2,"minecraft:dark_oak_slab":2,"minecraft:gravel":152,"minecraft:spruce_log":7,"minecraft:crying_obsidian":13,"illagerinvasion:illusionary_dust":1,"create:gearbox":11,"minecraft:stone_axe":1,"minecraft:diamond_axe":2,"minecraft:gray_wool":40,"create:portable_storage_interface":3,"minecraft:warped_nylium":1,"minecraft:ender_pearl":2,"illagerinvasion:platinum_chunk":1,"quark:hollow_oak_log":2,"minecraft:nether_brick":7,"minecraft:stone_brick_stairs":5,"minecraft:raw_copper":156,"minecraft:iron_leggings":1,"alexsmobs:blood_sac":4,"create:mechanical_press":15,"minecraft:smooth_stone":1,"minecraft:redstone_torch":7,"minecraft:iron_boots":4,"minecraft:stick":42,"apotheosis:gem":6,"create:mechanical_mixer":1,"ironchest:crystal_chest":1,"minecraft:torch":12,"minecraft:porkchop":2,"minecraft:dried_kelp":187,"tombstone:grave_dust":16,"minecraft:diorite":10,"minecraft:goat_horn":1,"create:large_cogwheel":42,"minecraft:rotten_flesh":18,"create:veridium":5,"minecraft:obsidian":2,"minecraft:cobblestone":389,"minecraft:andesite":491,"minecraft:mud_brick_stairs":2,"create:belt_connector":1,"create:raw_zinc":228,"minecraft:wither_skeleton_skull":1,"minecraft:dirt":1286,"minecraft:bone":50,"minecraft:bow":2,"minecraft:wheat_seeds":28,"minecraft:mossy_stone_bricks":7,"minecraft:oak_planks":100,"minecraft:mossy_stone_brick_stairs":2,"minecraft:black_terracotta":4,"create:cogwheel":103,"minecraft:sand":123,"minecraft:nether_brick_stairs":2,"minecraft:spectral_arrow":21,"minecraft:mossy_cobblestone":8,"minecraft:dark_prismarine_slab":4,"create:filter":4,"minecraft:slime_block":2,"minecraft:polished_blackstone_button":1,"minecraft:crossbow":1,"minecraft:golden_apple":1,"minecraft:emerald":5,"minecraft:netherrack":97,"minecraft:oak_sapling":142,"create:stressometer":1,"minecraft:waxed_oxidized_cut_copper":2,"minecraft:azure_bluet":2,"minecraft:splash_potion":2,"minecraft:brown_mushroom":42,"create:rotation_speed_controller":5,"minecraft:diamond_horse_armor":1,"create:schematic_table":1,"minecraft:oak_trapdoor":7,"immersive_melodies:lute":1,"minecraft:item_frame":3,"minecraft:cyan_carpet":1,"minecraft:blackstone":98,"minecraft:blue_orchid":1,"minecraft:oak_boat":1,"minecraft:player_head":1,"create:basin":2,"minecraft:sugar_cane":21,"create:linear_chassis":2,"bygonenether:cobbled_blackstone":1,"create:golden_sheet":12,"minecraft:copper_ingot":285,"minecraft:bowl":1,"minecraft:note_block":6,"create:hand_crank":9,"minecraft:trident":1,"create:deployer":11,"minecraft:dark_oak_planks":21,"minecraft:arrow":27,"minecraft:nether_bricks":66,"minecraft:saddle":1,"minecraft:air":0,"minecraft:basalt":2,"minecraft:leather":1,"create:andesite_alloy":208,"iceandfire:ectoplasm":4,"create:blaze_burner":3,"minecraft:nether_wart_block":2,"minecraft:gunpowder":2,"minecraft:cobblestone_stairs":2,"minecraft:smooth_sandstone":12,"minecraft:red_carpet":1,"minecraft:acacia_trapdoor":1,"minecraft:heart_of_the_sea":1,"minecraft:iron_ingot":3,"minecraft:stripped_oak_wood":7,"minecraft:soul_sand":4,"minecraft:book":12,"minecraft:oak_slab":9,"create:large_water_wheel":10,"minecraft:quartz":315,"minecraft:dandelion":20,"minecraft:amethyst_shard":8,"minecraft:mud_brick_wall":1,"minecraft:blast_furnace":3,"minecraft:white_bed":2,"create:brass_tunnel":4,"quark:oak_chest":22,"minecraft:spider_eye":2,"minecraft:campfire":9,"minecraft:chainmail_leggings":3,"create:encased_fan":2,"minecraft:coal":19},"minecraft:custom":{"minecraft:interact_with_crafting_table":301,"minecraft:leave_game":12,"minecraft:time_since_death":279227,"minecraft:damage_blocked_by_shield":585,"minecraft:play_time":1166963,"minecraft:deaths":15,"minecraft:jump":15055,"minecraft:interact_with_furnace":68,"minecraft:traded_with_villager":16,"minecraft:sleep_in_bed":9,"minecraft:waystone_activated":5,"minecraft:damage_dealt":60227,"tombstone:undead_killed":100,"minecraft:interact_with_smoker":1,"minecraft:horse_one_cm":952502,"minecraft:damage_dealt_absorbed":67,"minecraft:sneak_time":33570,"minecraft:interact_with_blast_furnace":1,"minecraft:total_world_time":1166963,"tombstone:raider_killed":7,"minecraft:tune_noteblock":5,"minecraft:time_since_rest":194,"minecraft:swim_one_cm":73884,"minecraft:fly_one_cm":2753931,"minecraft:open_chest":1026,"minecraft:fall_one_cm":372883,"lootr:looted_stat":181,"minecraft:damage_resisted":321,"minecraft:sprint_one_cm":2455102,"minecraft:drop":375,"minecraft:play_noteblock":6,"minecraft:talked_to_villager":8,"minecraft:interact_with_brewingstand":3,"minecraft:walk_on_water_one_cm":36604,"minecraft:crouch_one_cm":130172,"minecraft:mob_kills":213,"minecraft:damage_dealt_resisted":1205,"minecraft:climb_one_cm":45369,"minecraft:walk_one_cm":2796381,"minecraft:walk_under_water_one_cm":20097,"minecraft:boat_one_cm":116729,"minecraft:damage_taken":19400,"minecraft:damage_absorbed":1664,"minecraft:trigger_trapped_chest":7},"minecraft:killed_by":{"minecraft:zombie":2,"mowziesmobs:naga":1,"minecraft:wither_skeleton":2,"minecraft:witch":1,"iceandfire:fire_dragon":1,"minecraft:skeleton":4},"minecraft:killed":{"minecraft:skeleton":42,"minecraft:pillager":4,"minecraft:zombie":27,"minecraft:cow":1,"minecraft:vindicator":1,"alexsmobs:seagull":1,"bygonenether:wraither":2,"minecraft:husk":1,"iceandfire:ghost":5,"minecraft:enderman":4,"minecraft:spider":10,"minecraft:illusioner":2,"minecraft:piglin_brute":1,"minecraft:pig":1,"minecraft:creeper":3,"alexsmobs:crimson_mosquito":10,"minecraft:stray":2,"minecraft:ghast":1,"alexsmobs:fly":1,"minecraft:blaze":35,"alexsmobs:bone_serpent":1,"quark:foxhound":1,"minecraft:bat":1,"minecraft:wither_skeleton":20,"bygonenether:wex":3},"minecraft:crafted":{"minecraft:smooth_stone":1,"minecraft:lever":4,"create:item_vault":24,"create:vertical_gearbox":33,"create:rotation_speed_controller":4,"minecraft:glass":35,"minecraft:diamond_leggings":1,"sophisticatedbackpacks:tank_upgrade":1,"create:mechanical_press":3,"create:brass_funnel":16,"create:cogwheel":294,"create:rose_quartz":25,"minecraft:emerald":12,"create:adjustable_chain_gearshift":2,"minecraft:copper_ingot":0,"iceandfire:earplugs":2,"create:encased_chain_drive":9,"create:mechanical_mixer":1,"create:clutch":1,"create:gearbox":48,"create:encased_fan":3,"quark:oak_chest":23,"minecraft:compass":3,"minecraft:iron_pickaxe":2,"minecraft:iron_block":3,"create:large_cogwheel":39,"create:propeller":3,"create:wrench":1,"minecraft:iron_nugget":496,"minecraft:spyglass":1,"create:white_sail":20,"minecraft:bone_meal":16,"minecraft:diamond":28,"minecraft:diamond_boots":1,"create:electron_tube":25,"create:belt_connector":66,"minecraft:dark_oak_planks":2,"create:windmill_bearing":1,"minecraft:wheat":72,"create:brass_tunnel":2,"minecraft:dried_kelp":0,"create:goggles":1,"sophisticatedbackpacks:gold_backpack":1,"create:speedometer":3,"minecraft:golden_apple":8,"minecraft:iron_leggings":1,"create:shaft":207,"minecraft:oak_planks":868,"minecraft:cobblestone_slab":12,"minecraft:barrel":67,"minecraft:dark_oak_boat":1,"minecraft:stone":1,"create:deployer":5,"minecraft:warped_planks":3,"create:cart_assembler":1,"tombstone:grave_key":5,"minecraft:chest":1,"minecraft:copper_block":8,"minecraft:rail":16,"create:brass_hand":5,"minecraft:oak_slab":252,"create:depot":2,"immersive_melodies:didgeridoo":1,"minecraft:crafting_table":16,"minecraft:spruce_planks":7,"create:mechanical_saw":4,"create:fluid_pipe":12,"immersive_melodies:lute":1,"create:sand_paper":6,"sophisticatedbackpacks:upgrade_base":1,"minecraft:diorite":64,"create:stressometer":3,"minecraft:iron_chestplate":2,"minecraft:paper":6,"minecraft:diamond_pickaxe":1,"create:water_wheel":4,"minecraft:shield":1,"create:super_glue":1,"create:portable_storage_interface":2,"sophisticatedbackpacks:diamond_backpack":1,"minecraft:stick":514,"create:mechanical_pump":4,"minecraft:iron_ingot":17,"minecraft:shears":1,"create:empty_blaze_burner":19,"create:chute":4,"minecraft:redstone":9,"minecraft:coal":3,"create:steam_engine":8,"minecraft:furnace":1,"create:schematic_table":1,"minecraft:iron_axe":1,"create:fluid_tank":37,"create:basin":2,"create:filter":23,"minecraft:minecart":1,"sophisticatedbackpacks:iron_backpack":1,"create:steam_whistle":1,"create:andesite_alloy":288,"create:hand_crank":1,"create:large_water_wheel":4,"minecraft:bucket":1,"minecraft:air":2257,"minecraft:bread":26,"minecraft:oak_boat":2,"minecraft:white_wool":11,"create:whisk":1,"create:linear_chassis":18,"create:mechanical_crafter":21,"create:mechanical_drill":7,"minecraft:andesite":128,"minecraft:acacia_planks":1,"create:zinc_ingot":11,"minecraft:lapis_lazuli":4,"minecraft:diamond_chestplate":1},"minecraft:dropped":{"minecraft:iron_sword":1,"minecraft:porkchop":2,"minecraft:pitcher_pod":2,"minecraft:dark_oak_slab":2,"immersive_melodies:lute":1,"iceandfire:ectoplasm":1,"create:fluid_tank":10,"create:large_water_wheel":7,"minecraft:red_carpet":1,"minecraft:item_frame":1,"minecraft:emerald":8,"minecraft:packed_mud":7,"minecraft:dirt":20,"minecraft:gold_nugget":57,"minecraft:sand":199,"minecraft:iron_pickaxe":1,"minecraft:dark_oak_planks":8,"quark:oak_chest":15,"minecraft:sugar_cane":41,"minecraft:lever":1,"create:brass_tunnel":1,"minecraft:iron_nugget":23,"minecraft:cobbled_deepslate":5,"alexsmobs:animal_dictionary":2,"minecraft:obsidian":17,"minecraft:rotten_flesh":16,"minecraft:oak_planks":1,"minecraft:glowstone_dust":5,"mekanism:raw_tin":6,"minecraft:warped_planks":8,"quark:hollow_oak_log":1,"apotheosis:gem":10,"minecraft:spruce_slab":20,"minecraft:glass":55,"minecraft:beef":1,"minecraft:stone_brick_stairs":4,"minecraft:enchanted_book":2,"minecraft:golden_boots":1,"minecraft:iron_ingot":97,"create:rose_quartz":6,"minecraft:wheat_seeds":4,"minecraft:waxed_oxidized_cut_copper_stairs":1,"minecraft:book":6,"minecraft:cobblestone":286,"minecraft:iron_helmet":2,"minecraft:dark_prismarine_slab":2,"minecraft:chainmail_helmet":2,"minecraft:coal":41,"minecraft:golden_apple":1,"minecraft:wooden_axe":1,"minecraft:dried_kelp":60,"minecraft:oak_stairs":1,"minecraft:chainmail_leggings":2,"minecraft:iron_shovel":1,"minecraft:string":6,"create:sand_paper":1,"iceandfire:earplugs":1,"minecraft:player_head":1,"minecraft:cocoa_beans":3,"minecraft:clay_ball":6,"minecraft:iron_boots":1,"minecraft:blast_furnace":2,"minecraft:hay_block":2,"create:zinc_ingot":178,"minecraft:spider_eye":2,"minecraft:stone_bricks":1,"minecraft:bow":2,"create:electron_tube":2,"create:steam_engine":1,"create:super_glue":3,"minecraft:moss_block":1,"minecraft:soul_sand":65,"minecraft:brown_mushroom":24,"minecraft:diamond_axe":1,"minecraft:oak_log":14,"minecraft:ender_pearl":2,"minecraft:leather":2,"iceandfire:graveyard_soil":3,"minecraft:flint":735,"minecraft:netherite_scrap":27,"minecraft:cornflower":2,"minecraft:cut_copper":7,"minecraft:amethyst_shard":15,"create:iron_sheet":6,"minecraft:stripped_oak_wood":5,"minecraft:gold_ingot":66,"minecraft:gravel":337,"minecraft:black_terracotta":3,"minecraft:diamond_shovel":1,"minecraft:poppy":1,"minecraft:trident":1,"minecraft:gunpowder":2,"minecraft:beetroot_seeds":2,"minecraft:chainmail_boots":1,"immersive_melodies:didgeridoo":1,"minecraft:iron_bars":8,"minecraft:arrow":5,"minecraft:quartz":140,"minecraft:netherrack":3,"create:andesite_alloy":111,"minecraft:oak_slab":5,"minecraft:mossy_cobblestone":2,"mowziesmobs:foliaath_seed":6,"minecraft:diamond_leggings":1,"minecraft:lead":1,"minecraft:copper_ingot":202,"minecraft:acacia_trapdoor":1,"minecraft:stick":512,"quark:clear_shard":8,"illagerinvasion:platinum_chunk":1,"minecraft:torch":1,"minecraft:mud_brick_stairs":1,"tombstone:grave_dust":8,"minecraft:dandelion":9,"minecraft:redstone":12,"alexsmobs:maggot":1,"minecraft:oak_trapdoor":3,"minecraft:coarse_dirt":2,"minecraft:raw_copper":45,"iceandfire:witherbone":7,"minecraft:waxed_exposed_cut_copper":1,"create:rotation_speed_controller":2,"minecraft:filled_map":2,"create:veridium":5,"minecraft:diamond_chestplate":1,"aether:chainmail_gloves":1,"minecraft:iron_chestplate":2,"minecraft:amethyst_cluster":3,"create:golden_sheet":8},"minecraft:mined":{"minecraft:dark_oak_planks":28,"minecraft:white_bed":2,"minecraft:black_terracotta":4,"create:andesite_casing":16,"minecraft:obsidian":10,"minecraft:granite":3,"minecraft:acacia_log":1,"minecraft:coal_block":8,"create:belt":1,"minecraft:oxeye_daisy":2,"minecraft:spawner":39,"ironchest:crystal_chest":1,"minecraft:fire":70,"minecraft:barrel":1,"minecraft:nether_brick_stairs":2,"minecraft:cave_vines":1,"minecraft:water_cauldron":2,"minecraft:dirt_path":12,"minecraft:oak_stairs":66,"create:veridium":6,"create:mechanical_press":16,"create:cogwheel":104,"minecraft:kelp_plant":52,"minecraft:crimson_nylium":19,"minecraft:soul_fire":3,"minecraft:amethyst_cluster":4,"quark:gold_bars":1,"minecraft:torch":2,"minecraft:note_block":6,"minecraft:blast_furnace":2,"minecraft:mud_brick_stairs":2,"mekanism:tin_ore":7,"minecraft:glass":11,"minecraft:sugar_cane":6,"create:basin":2,"create:portable_storage_interface":3,"minecraft:wither_rose":1,"minecraft:stone_brick_stairs":6,"minecraft:grass":224,"create:hand_crank":5,"create:stressometer":1,"minecraft:smooth_basalt":2,"minecraft:red_mushroom_block":5,"create:clutch":1,"create:linear_chassis":2,"minecraft:deepslate":5,"create:zinc_ore":23,"minecraft:mossy_cobblestone":5,"minecraft:dark_oak_log":2,"minecraft:nether_bricks":71,"minecraft:moss_block":1,"minecraft:kelp":9,"create:shaft":41,"minecraft:waxed_oxidized_cut_copper":2,"minecraft:packed_mud":18,"minecraft:acacia_trapdoor":1,"minecraft:andesite":381,"minecraft:mossy_stone_brick_stairs":2,"minecraft:vine":23,"create:cart_assembler":10,"minecraft:rail":20,"minecraft:warped_stem":4,"create:deployer":8,"minecraft:cut_copper":7,"minecraft:oak_slab":5,"minecraft:glass_pane":4,"minecraft:soul_sand":1,"quark:oak_chest":22,"minecraft:dandelion":16,"minecraft:cornflower":3,"create:fluid_pipe":2,"create:water_wheel":3,"minecraft:tall_grass":33,"minecraft:copper_ore":11,"minecraft:diorite":10,"minecraft:warped_wart_block":1,"create:mechanical_saw":1,"minecraft:purple_wool":44,"create:water_wheel_structure":1,"create:blaze_burner":3,"create:gearbox":20,"minecraft:spruce_log":6,"minecraft:birch_leaves":2,"minecraft:dark_prismarine_slab":3,"minecraft:mycelium":532,"minecraft:gravel":24,"minecraft:cobweb":8,"minecraft:stone_bricks":1,"minecraft:waxed_exposed_cut_copper":2,"minecraft:fern":1,"iceandfire:graveyard_soil":2,"minecraft:oak_sapling":4,"minecraft:cobblestone_stairs":2,"minecraft:potted_blue_orchid":1,"minecraft:grass_block":368,"minecraft:mud_brick_wall":2,"minecraft:mud_bricks":45,"minecraft:frosted_ice":1,"minecraft:smooth_stone":1,"minecraft:azure_bluet":2,"minecraft:iron_bars":23,"minecraft:spruce_slab":21,"minecraft:waxed_cut_copper":8,"minecraft:waxed_cut_copper_stairs":2,"minecraft:quartz_block":5,"minecraft:blackstone":1,"minecraft:poppy":1,"minecraft:mushroom_stem":16,"create:brass_casing":1,"minecraft:nether_quartz_ore":24,"minecraft:cobblestone":53,"minecraft:slime_block":2,"minecraft:oak_planks":95,"minecraft:wall_torch":5,"create:large_water_wheel":9,"minecraft:warped_nylium":13,"minecraft:dark_oak_slab":2,"minecraft:nether_wart_block":2,"minecraft:waxed_oxidized_cut_copper_stairs":1,"minecraft:stripped_oak_wood":2,"minecraft:tnt":2,"ironchest:diamond_chest":1,"minecraft:oak_log":234,"minecraft:sand":133,"minecraft:dirt":378,"quark:hollow_oak_log":1,"minecraft:netherrack":215,"minecraft:polished_deepslate_wall":1,"minecraft:oak_leaves":42,"minecraft:red_carpet":1,"minecraft:dark_oak_leaves":1,"minecraft:oak_door":1,"minecraft:lever":9,"create:large_cogwheel":40,"create:depot":8,"minecraft:brown_mushroom_block":163,"minecraft:spruce_leaves":16,"farmersdelight:red_mushroom_colony":1,"minecraft:large_fern":6,"minecraft:hay_block":16,"minecraft:oak_trapdoor":4,"create:scorchia":1,"minecraft:polished_deepslate":2,"minecraft:bookshelf":44,"minecraft:stripped_oak_log":13,"minecraft:stone":47,"minecraft:redstone_wall_torch":3,"minecraft:scaffolding":3,"minecraft:basalt":2,"minecraft:crafting_table":11,"minecraft:sculk":1,"create:schematic_table":1,"minecraft:gray_wool":40,"minecraft:lime_bed":2,"minecraft:redstone_torch":1,"minecraft:coal_ore":1,"minecraft:cracked_stone_bricks":1,"minecraft:mossy_stone_bricks":5},"minecraft:broken":{"aether:golden_gloves":1,"minecraft:iron_boots":1,"minecraft:iron_chestplate":1,"minecraft:iron_leggings":2,"minecraft:iron_sword":1,"minecraft:golden_shovel":1,"create:sand_paper":2}},"DataVersion":3465}