{"stats":{"minecraft:picked_up":{"minecraft:lime_bed":1,"minecraft:iron_chestplate":2,"minecraft:oak_stairs":1,"minecraft:enchanted_book":2,"minecraft:dirt":3,"minecraft:oak_trapdoor":3,"minecraft:string":11,"minecraft:item_frame":1,"minecraft:smooth_sandstone":12,"minecraft:bone":2,"mowziesmobs:foliaath_seed":3,"minecraft:iron_ingot":3,"minecraft:beef":1,"minecraft:redstone_torch":7,"minecraft:stripped_oak_wood":5,"minecraft:iron_sword":1,"minecraft:oak_planks":1,"minecraft:book":6,"minecraft:oak_slab":5,"minecraft:stick":4,"apotheosis:gem":3,"minecraft:acacia_log":1,"minecraft:sandstone_wall":18,"minecraft:porkchop":2,"tombstone:grave_dust":2,"alexsmobs:animal_dictionary":2,"minecraft:arrow":1,"minecraft:rotten_flesh":4,"minecraft:chainmail_leggings":3,"create:veridium":5,"minecraft:chainmail_helmet":1,"minecraft:iron_bars":10},"minecraft:killed_by":{"mowziesmobs:naga":1,"minecraft:witch":1,"minecraft:zombie":1},"minecraft:used":{"minecraft:iron_bars":2,"minecraft:shield":3,"minecraft:iron_sword":92,"minecraft:sandstone_wall":16,"minecraft:iron_chestplate":2,"minecraft:torch":10,"minecraft:dirt":3,"minecraft:crafting_table":2,"minecraft:redstone_torch":14,"tombstone:bag_of_seeds":2,"minecraft:apple":5,"minecraft:iron_axe":2,"minecraft:bread":3,"minecraft:iron_pickaxe":19,"minecraft:redstone_lamp":1,"minecraft:cooked_beef":1,"minecraft:chainmail_leggings":1},"minecraft:killed":{"minecraft:pig":1,"minecraft:spider":1,"minecraft:bat":1,"minecraft:creeper":1,"minecraft:skeleton":2,"minecraft:zombie":5,"minecraft:stray":1,"minecraft:cow":1},"minecraft:mined":{"minecraft:glass_pane":1,"minecraft:crafting_table":1,"minecraft:acacia_log":1,"minecraft:grass_block":3,"minecraft:spawner":2,"minecraft:lime_bed":1,"minecraft:redstone_torch":1,"minecraft:grass":9,"minecraft:oak_log":3,"minecraft:iron_bars":11,"minecraft:cobweb":7,"create:veridium":6,"minecraft:redstone_wall_torch":3},"minecraft:crafted":{"minecraft:oak_planks":2,"minecraft:crafting_table":2,"minecraft:air":22,"minecraft:iron_chestplate":1,"minecraft:iron_axe":1,"minecraft:stick":2,"minecraft:iron_pickaxe":2,"minecraft:acacia_planks":1,"sophisticatedbackpacks:iron_backpack":1},"minecraft:custom":{"lootr:looted_stat":36,"minecraft:interact_with_furnace":3,"minecraft:mob_kills":13,"minecraft:interact_with_crafting_table":5,"minecraft:damage_dealt_resisted":0,"minecraft:time_since_death":12832,"minecraft:climb_one_cm":33713,"minecraft:damage_resisted":0,"minecraft:time_since_rest":11817,"minecraft:sprint_one_cm":181610,"minecraft:damage_taken":916,"minecraft:walk_one_cm":96898,"minecraft:damage_blocked_by_shield":110,"minecraft:drop":33,"minecraft:damage_dealt":3268,"minecraft:swim_one_cm":15617,"minecraft:fly_one_cm":92981,"minecraft:crouch_one_cm":2260,"minecraft:play_time":39696,"tombstone:undead_killed":8,"minecraft:deaths":3,"minecraft:sneak_time":195,"minecraft:walk_under_water_one_cm":3929,"minecraft:jump":479,"minecraft:walk_on_water_one_cm":2971,"minecraft:total_world_time":39696,"minecraft:fall_one_cm":11594},"minecraft:dropped":{"minecraft:enchanted_book":2,"minecraft:iron_ingot":2,"minecraft:iron_sword":1,"minecraft:oak_slab":5,"minecraft:oak_trapdoor":3,"alexsmobs:animal_dictionary":2,"minecraft:cocoa_beans":3,"mowziesmobs:foliaath_seed":6,"minecraft:pitcher_pod":2,"minecraft:book":6,"minecraft:rotten_flesh":4,"minecraft:oak_planks":1,"minecraft:item_frame":1,"minecraft:trident":1,"create:veridium":5,"aether:chainmail_gloves":1,"minecraft:iron_chestplate":2,"minecraft:beetroot_seeds":2,"apotheosis:gem":2,"tombstone:grave_dust":1,"minecraft:oak_stairs":1,"minecraft:iron_bars":2,"minecraft:stripped_oak_wood":5,"minecraft:iron_pickaxe":1,"minecraft:chainmail_leggings":2}},"DataVersion":3465}