{"stats":{"minecraft:killed_by":{"mowziesmobs:naga":1,"minecraft:witch":1,"minecraft:zombie":1},"minecraft:dropped":{"minecraft:enchanted_book":2,"minecraft:golden_boots":1,"minecraft:iron_ingot":2,"minecraft:iron_sword":1,"minecraft:oak_slab":5,"minecraft:oak_trapdoor":3,"alexsmobs:animal_dictionary":2,"minecraft:cocoa_beans":3,"mowziesmobs:foliaath_seed":6,"minecraft:pitcher_pod":2,"minecraft:iron_helmet":1,"minecraft:rotten_flesh":7,"minecraft:book":6,"minecraft:oak_planks":1,"minecraft:chainmail_helmet":1,"minecraft:item_frame":1,"minecraft:trident":1,"create:veridium":5,"aether:chainmail_gloves":1,"minecraft:iron_chestplate":2,"minecraft:beetroot_seeds":2,"apotheosis:gem":2,"tombstone:grave_dust":1,"minecraft:oak_stairs":1,"minecraft:spider_eye":2,"minecraft:iron_bars":2,"minecraft:bow":1,"minecraft:stripped_oak_wood":5,"minecraft:iron_pickaxe":1,"minecraft:chainmail_leggings":2},"minecraft:mined":{"minecraft:glass_pane":1,"minecraft:quartz_block":5,"minecraft:mossy_cobblestone":1,"minecraft:crafting_table":1,"minecraft:torch":2,"minecraft:acacia_log":1,"minecraft:grass_block":3,"minecraft:wall_torch":3,"minecraft:spawner":9,"minecraft:lime_bed":1,"minecraft:redstone_torch":1,"minecraft:stripped_oak_wood":2,"minecraft:stone_brick_stairs":3,"minecraft:grass":9,"minecraft:mossy_stone_brick_stairs":2,"minecraft:oak_log":3,"minecraft:vine":10,"minecraft:iron_bars":18,"minecraft:cobweb":7,"minecraft:cracked_stone_bricks":1,"minecraft:stone":2,"create:veridium":6,"minecraft:mossy_stone_bricks":5,"minecraft:redstone_wall_torch":3},"minecraft:broken":{"aether:golden_gloves":1},"minecraft:picked_up":{"minecraft:lime_bed":1,"minecraft:iron_chestplate":2,"minecraft:air":0,"iceandfire:witherbone":1,"minecraft:oak_stairs":1,"minecraft:enchanted_book":2,"minecraft:stone_brick_stairs":1,"minecraft:golden_boots":1,"minecraft:gunpowder":2,"minecraft:dirt":3,"minecraft:string":12,"minecraft:oak_trapdoor":3,"minecraft:item_frame":1,"minecraft:smooth_sandstone":12,"minecraft:bone":3,"minecraft:bow":1,"mowziesmobs:foliaath_seed":3,"minecraft:iron_ingot":3,"minecraft:beef":1,"minecraft:redstone_torch":7,"minecraft:stripped_oak_wood":7,"minecraft:mossy_stone_bricks":7,"minecraft:iron_sword":1,"minecraft:oak_planks":1,"minecraft:mossy_stone_brick_stairs":2,"minecraft:book":6,"minecraft:oak_slab":5,"minecraft:stick":4,"apotheosis:gem":3,"minecraft:torch":6,"minecraft:acacia_log":1,"minecraft:sandstone_wall":18,"minecraft:porkchop":2,"tombstone:grave_dust":4,"minecraft:trident":1,"minecraft:spider_eye":2,"alexsmobs:animal_dictionary":2,"minecraft:mossy_cobblestone":2,"minecraft:arrow":5,"minecraft:rotten_flesh":11,"minecraft:chainmail_leggings":3,"create:veridium":5,"minecraft:chainmail_helmet":2,"minecraft:coal":1,"minecraft:iron_bars":14,"minecraft:cobblestone":2},"minecraft:killed":{"minecraft:pig":1,"minecraft:spider":8,"minecraft:bat":1,"minecraft:creeper":2,"minecraft:skeleton":4,"minecraft:zombie":15,"minecraft:stray":2,"minecraft:wither_skeleton":4,"minecraft:cow":1},"minecraft:used":{"minecraft:iron_bars":2,"minecraft:baked_potato":1,"minecraft:shield":13,"minecraft:mossy_stone_brick_stairs":1,"minecraft:iron_sword":238,"minecraft:sandstone_wall":16,"minecraft:golden_apple":1,"minecraft:iron_chestplate":2,"minecraft:torch":37,"minecraft:mossy_cobblestone":2,"minecraft:dirt":3,"minecraft:crafting_table":2,"minecraft:redstone_torch":15,"tombstone:bag_of_seeds":2,"minecraft:apple":5,"minecraft:bread":7,"minecraft:iron_axe":5,"minecraft:iron_pickaxe":59,"minecraft:redstone_lamp":1,"minecraft:stripped_oak_wood":2,"tombstone:gift":2,"minecraft:cooked_beef":5,"minecraft:chainmail_leggings":1},"minecraft:crafted":{"minecraft:oak_planks":2,"minecraft:crafting_table":2,"minecraft:air":22,"minecraft:iron_chestplate":1,"minecraft:iron_axe":1,"minecraft:stick":2,"minecraft:iron_pickaxe":2,"minecraft:acacia_planks":1,"sophisticatedbackpacks:iron_backpack":1},"minecraft:custom":{"minecraft:interact_with_furnace":3,"lootr:looted_stat":68,"minecraft:mob_kills":38,"minecraft:interact_with_crafting_table":5,"minecraft:damage_dealt_resisted":0,"minecraft:time_since_death":6657,"minecraft:damage_resisted":0,"minecraft:climb_one_cm":34156,"minecraft:time_since_rest":5919,"minecraft:damage_absorbed":40,"minecraft:sprint_one_cm":310932,"minecraft:damage_taken":1997,"minecraft:walk_one_cm":166935,"minecraft:damage_blocked_by_shield":585,"minecraft:drop":39,"minecraft:damage_dealt":7595,"minecraft:swim_one_cm":15617,"minecraft:fly_one_cm":109044,"minecraft:crouch_one_cm":3101,"minecraft:play_time":63305,"tombstone:undead_killed":25,"minecraft:deaths":4,"minecraft:sneak_time":381,"minecraft:walk_under_water_one_cm":3929,"minecraft:jump":584,"minecraft:walk_on_water_one_cm":2971,"minecraft:total_world_time":63305,"minecraft:fall_one_cm":12324}},"DataVersion":3465}