{"stats":{"minecraft:killed":{"minecraft:spider":10,"minecraft:skeleton":38,"minecraft:illusioner":2,"minecraft:pig":1,"minecraft:creeper":3,"minecraft:pillager":4,"minecraft:zombie":25,"minecraft:stray":2,"minecraft:ghast":1,"minecraft:cow":1,"minecraft:vindicator":1,"alexsmobs:seagull":1,"bygonenether:wraither":2,"minecraft:husk":1,"minecraft:bat":1,"iceandfire:ghost":5,"minecraft:wither_skeleton":16,"bygonenether:wex":2,"minecraft:enderman":1},"minecraft:used":{"minecraft:waxed_exposed_cut_copper":1,"minecraft:iron_shovel":29,"minecraft:polished_deepslate":1,"minecraft:spruce_slab":3,"minecraft:poppy":1,"minecraft:chest":1,"minecraft:shield":13,"minecraft:iron_sword":288,"lootr:trophy":1,"minecraft:iron_chestplate":2,"minecraft:soul_sand":1,"minecraft:cut_copper":10,"create:cogwheel":21,"minecraft:carrot":3,"create:depot":2,"minecraft:azure_bluet":2,"minecraft:packed_mud":10,"minecraft:redstone_lamp":1,"minecraft:hay_block":8,"create:shaft":2,"minecraft:oak_sapling":15,"minecraft:furnace":1,"minecraft:dark_oak_stairs":1,"minecraft:oak_planks":20,"minecraft:mossy_stone_brick_stairs":1,"minecraft:diamond_axe":288,"minecraft:golden_apple":26,"minecraft:crossbow":4,"minecraft:note_block":6,"minecraft:redstone_torch":17,"minecraft:black_terracotta":1,"minecraft:lever":1,"quark:hollow_oak_log":1,"minecraft:cyan_carpet":1,"minecraft:bread":57,"minecraft:nether_wart_block":1,"minecraft:stripped_oak_wood":2,"minecraft:bone_meal":4,"create:large_cogwheel":7,"minecraft:trident":65,"minecraft:iron_bars":2,"iceandfire:silver_sword":908,"create:schematic_table":1,"minecraft:spruce_planks":18,"minecraft:sandstone_wall":16,"minecraft:netherrack":42,"minecraft:torch":52,"minecraft:dirt":294,"minecraft:golden_shovel":32,"minecraft:nether_brick_stairs":2,"minecraft:dark_oak_planks":13,"create:wrench":14,"create:gearbox":1,"minecraft:iron_axe":178,"minecraft:mud_bricks":37,"minecraft:golden_carrot":6,"minecraft:soul_soil":1,"tombstone:gift":12,"minecraft:cooked_beef":12,"minecraft:water_bucket":12,"minecraft:baked_potato":9,"minecraft:waxed_oxidized_cut_copper":2,"minecraft:cauldron":1,"minecraft:mossy_cobblestone":2,"minecraft:dark_prismarine_slab":2,"minecraft:lime_bed":1,"minecraft:crafting_table":7,"minecraft:white_bed":1,"tombstone:bag_of_seeds":2,"minecraft:oak_log":29,"minecraft:diamond_pickaxe":398,"minecraft:cornflower":1,"minecraft:apple":5,"minecraft:oxeye_daisy":1,"minecraft:diamond_shovel":354,"create:mechanical_press":7,"minecraft:iron_pickaxe":146,"create:water_wheel":3,"create:large_water_wheel":5,"minecraft:cobblestone":36,"minecraft:mud_brick_wall":1,"minecraft:bucket":12,"create:hand_crank":3,"minecraft:pumpkin_pie":1,"quark:oak_chest":22,"minecraft:polished_blackstone_button":1,"minecraft:dandelion":9,"minecraft:splash_potion":1,"minecraft:chainmail_leggings":1},"minecraft:killed_by":{"mowziesmobs:naga":1,"minecraft:wither_skeleton":2,"minecraft:witch":1,"minecraft:zombie":2,"iceandfire:fire_dragon":1,"minecraft:skeleton":4},"minecraft:dropped":{"minecraft:moss_block":1,"minecraft:iron_sword":1,"minecraft:soul_sand":1,"minecraft:porkchop":2,"minecraft:pitcher_pod":2,"minecraft:dark_oak_slab":2,"iceandfire:ectoplasm":1,"iceandfire:graveyard_soil":3,"minecraft:red_carpet":1,"minecraft:item_frame":1,"minecraft:packed_mud":7,"minecraft:dirt":16,"minecraft:cornflower":2,"minecraft:cut_copper":7,"minecraft:sand":1,"minecraft:iron_pickaxe":1,"minecraft:stripped_oak_wood":5,"minecraft:dark_oak_planks":8,"minecraft:lever":1,"minecraft:cobbled_deepslate":5,"alexsmobs:animal_dictionary":2,"minecraft:black_terracotta":3,"minecraft:rotten_flesh":16,"minecraft:oak_planks":1,"minecraft:poppy":1,"minecraft:trident":1,"minecraft:gunpowder":2,"quark:hollow_oak_log":1,"minecraft:beetroot_seeds":2,"apotheosis:gem":2,"minecraft:chainmail_boots":1,"immersive_melodies:didgeridoo":1,"minecraft:spruce_slab":20,"minecraft:iron_bars":8,"minecraft:arrow":5,"minecraft:beef":1,"minecraft:stone_brick_stairs":3,"minecraft:netherrack":3,"minecraft:enchanted_book":2,"minecraft:golden_boots":1,"minecraft:iron_ingot":2,"minecraft:oak_slab":5,"minecraft:wheat_seeds":3,"minecraft:mossy_cobblestone":2,"mowziesmobs:foliaath_seed":6,"minecraft:waxed_oxidized_cut_copper_stairs":1,"minecraft:diamond_leggings":1,"minecraft:iron_helmet":2,"minecraft:dark_prismarine_slab":2,"minecraft:lead":1,"minecraft:book":6,"minecraft:acacia_trapdoor":1,"minecraft:chainmail_helmet":2,"minecraft:golden_apple":1,"minecraft:torch":1,"minecraft:wooden_axe":1,"minecraft:mud_brick_stairs":1,"tombstone:grave_dust":8,"minecraft:oak_stairs":1,"minecraft:chainmail_leggings":2,"minecraft:iron_shovel":1,"minecraft:string":6,"minecraft:dandelion":9,"minecraft:oak_trapdoor":3,"minecraft:player_head":1,"minecraft:coarse_dirt":2,"minecraft:cocoa_beans":3,"minecraft:iron_boots":1,"minecraft:waxed_exposed_cut_copper":1,"minecraft:filled_map":2,"minecraft:hay_block":2,"create:veridium":5,"aether:chainmail_gloves":1,"minecraft:diamond_chestplate":1,"minecraft:iron_chestplate":2,"minecraft:spider_eye":2,"minecraft:stone_bricks":1,"minecraft:bow":2},"minecraft:custom":{"lootr:looted_stat":181,"minecraft:interact_with_crafting_table":70,"minecraft:leave_game":4,"minecraft:time_since_death":69540,"minecraft:damage_resisted":321,"minecraft:sprint_one_cm":1316591,"minecraft:damage_blocked_by_shield":585,"minecraft:drop":112,"minecraft:play_noteblock":6,"minecraft:talked_to_villager":1,"minecraft:play_time":345090,"minecraft:deaths":14,"minecraft:jump":4268,"minecraft:interact_with_brewingstand":3,"minecraft:walk_on_water_one_cm":22787,"minecraft:interact_with_furnace":16,"minecraft:sleep_in_bed":3,"minecraft:waystone_activated":2,"minecraft:damage_dealt":46310,"minecraft:crouch_one_cm":53811,"tombstone:undead_killed":89,"minecraft:interact_with_smoker":1,"minecraft:horse_one_cm":952502,"minecraft:mob_kills":149,"minecraft:damage_dealt_resisted":1205,"minecraft:climb_one_cm":43256,"minecraft:walk_one_cm":835604,"minecraft:damage_dealt_absorbed":67,"minecraft:sneak_time":12947,"minecraft:walk_under_water_one_cm":17639,"minecraft:interact_with_blast_furnace":1,"minecraft:total_world_time":345090,"tombstone:raider_killed":7,"minecraft:tune_noteblock":5,"minecraft:time_since_rest":49271,"minecraft:damage_taken":13460,"minecraft:damage_absorbed":884,"minecraft:trigger_trapped_chest":7,"minecraft:swim_one_cm":41282,"minecraft:fly_one_cm":1014017,"minecraft:open_chest":311,"minecraft:fall_one_cm":103504},"minecraft:crafted":{"minecraft:oak_planks":176,"minecraft:smooth_stone":1,"minecraft:cobblestone_slab":12,"minecraft:dark_oak_boat":1,"minecraft:stone":1,"minecraft:glass":5,"minecraft:diamond_leggings":1,"create:mechanical_press":1,"tombstone:grave_key":5,"minecraft:chest":1,"create:cogwheel":8,"create:depot":1,"minecraft:oak_slab":6,"immersive_melodies:didgeridoo":1,"minecraft:crafting_table":4,"minecraft:spruce_planks":6,"immersive_melodies:lute":1,"create:gearbox":1,"minecraft:iron_chestplate":2,"minecraft:diamond_pickaxe":1,"create:water_wheel":2,"minecraft:shield":1,"sophisticatedbackpacks:diamond_backpack":1,"minecraft:stick":2,"quark:oak_chest":20,"minecraft:iron_ingot":17,"minecraft:iron_pickaxe":2,"minecraft:iron_block":1,"create:large_cogwheel":1,"create:wrench":1,"minecraft:iron_nugget":288,"minecraft:furnace":1,"minecraft:bone_meal":16,"create:schematic_table":1,"minecraft:iron_axe":1,"minecraft:diamond_boots":1,"minecraft:dark_oak_planks":2,"minecraft:wheat":72,"sophisticatedbackpacks:iron_backpack":1,"create:hand_crank":1,"create:andesite_alloy":64,"create:goggles":1,"sophisticatedbackpacks:gold_backpack":1,"minecraft:bucket":1,"minecraft:air":133,"minecraft:bread":26,"minecraft:golden_apple":8,"minecraft:iron_leggings":1,"create:shaft":16,"minecraft:acacia_planks":1,"create:zinc_ingot":11,"minecraft:diamond_chestplate":1},"minecraft:mined":{"minecraft:dark_oak_planks":28,"minecraft:oak_sapling":1,"minecraft:white_bed":1,"iceandfire:graveyard_soil":2,"minecraft:black_terracotta":4,"create:andesite_casing":15,"minecraft:cobblestone_stairs":1,"minecraft:potted_blue_orchid":1,"minecraft:granite":2,"minecraft:acacia_log":1,"minecraft:grass_block":347,"minecraft:coal_block":6,"minecraft:mud_brick_wall":2,"minecraft:mud_bricks":45,"minecraft:frosted_ice":1,"minecraft:oxeye_daisy":2,"minecraft:spawner":39,"minecraft:smooth_stone":1,"minecraft:fire":15,"minecraft:azure_bluet":2,"minecraft:nether_brick_stairs":2,"minecraft:cave_vines":1,"minecraft:water_cauldron":1,"minecraft:dirt_path":2,"minecraft:oak_stairs":66,"minecraft:iron_bars":23,"create:veridium":6,"create:mechanical_press":6,"minecraft:spruce_slab":21,"minecraft:waxed_cut_copper":8,"minecraft:waxed_cut_copper_stairs":2,"create:cogwheel":15,"minecraft:quartz_block":5,"minecraft:crimson_nylium":4,"minecraft:soul_fire":3,"minecraft:amethyst_cluster":4,"minecraft:torch":2,"minecraft:note_block":6,"minecraft:blast_furnace":2,"minecraft:poppy":1,"minecraft:mud_brick_stairs":1,"mekanism:tin_ore":6,"minecraft:cobblestone":42,"minecraft:slime_block":2,"minecraft:sugar_cane":6,"minecraft:oak_planks":40,"minecraft:wall_torch":5,"create:large_water_wheel":5,"minecraft:dark_oak_slab":2,"minecraft:nether_wart_block":1,"minecraft:waxed_oxidized_cut_copper_stairs":1,"minecraft:stripped_oak_wood":2,"minecraft:tnt":2,"minecraft:wither_rose":1,"minecraft:stone_brick_stairs":5,"minecraft:grass":212,"minecraft:oak_log":130,"create:hand_crank":2,"minecraft:sand":39,"minecraft:dirt":30,"quark:hollow_oak_log":1,"minecraft:netherrack":36,"minecraft:polished_deepslate_wall":1,"minecraft:oak_leaves":20,"minecraft:deepslate":5,"create:zinc_ore":11,"minecraft:red_carpet":1,"minecraft:mossy_cobblestone":5,"minecraft:dark_oak_leaves":1,"minecraft:oak_door":1,"minecraft:dark_oak_log":2,"create:large_cogwheel":6,"create:depot":1,"minecraft:spruce_leaves":16,"minecraft:moss_block":1,"minecraft:large_fern":6,"minecraft:hay_block":16,"create:shaft":1,"minecraft:oak_trapdoor":4,"minecraft:waxed_oxidized_cut_copper":2,"minecraft:packed_mud":18,"minecraft:acacia_trapdoor":1,"minecraft:andesite":194,"minecraft:polished_deepslate":2,"minecraft:mossy_stone_brick_stairs":2,"minecraft:bookshelf":44,"minecraft:vine":23,"minecraft:cut_copper":7,"minecraft:stone":14,"minecraft:redstone_wall_torch":3,"minecraft:scaffolding":3,"minecraft:glass_pane":4,"quark:oak_chest":2,"minecraft:dandelion":16,"minecraft:crafting_table":3,"minecraft:cornflower":3,"create:water_wheel":3,"minecraft:tall_grass":20,"minecraft:sculk":1,"minecraft:lime_bed":1,"create:gearbox":1,"minecraft:redstone_torch":1,"minecraft:spruce_log":6,"minecraft:birch_leaves":2,"minecraft:dark_prismarine_slab":3,"minecraft:coal_ore":1,"minecraft:cobweb":8,"minecraft:cracked_stone_bricks":1,"minecraft:stone_bricks":1,"minecraft:mossy_stone_bricks":5,"minecraft:waxed_exposed_cut_copper":2,"minecraft:fern":1},"minecraft:picked_up":{"minecraft:iron_chestplate":2,"illagerinvasion:platinum_chunk":1,"minecraft:chainmail_boots":1,"minecraft:flower_pot":1,"minecraft:lead":4,"quark:hollow_oak_log":2,"minecraft:oak_stairs":67,"minecraft:wither_rose":1,"minecraft:enchanted_book":2,"minecraft:stone_brick_stairs":4,"minecraft:polished_deepslate_wall":1,"minecraft:polished_deepslate":1,"minecraft:string":15,"minecraft:soul_soil":1,"minecraft:cooked_salmon":2,"create:mechanical_press":6,"create:water_wheel":3,"alexsmobs:blood_sac":1,"minecraft:diamond_leggings":1,"minecraft:cobbled_deepslate":5,"minecraft:gold_nugget":40,"minecraft:smooth_stone":1,"minecraft:waxed_exposed_cut_copper":2,"minecraft:redstone_torch":7,"minecraft:coal_block":4,"minecraft:iron_boots":1,"minecraft:stick":19,"apotheosis:gem":5,"minecraft:torch":12,"minecraft:acacia_log":1,"create:andesite_casing":15,"minecraft:sandstone_wall":18,"minecraft:porkchop":2,"tombstone:grave_dust":16,"minecraft:goat_horn":1,"mekanism:raw_tin":6,"minecraft:cauldron":1,"minecraft:waxed_cut_copper_stairs":2,"create:large_cogwheel":6,"minecraft:rotten_flesh":16,"create:veridium":5,"minecraft:waxed_cut_copper":6,"minecraft:iron_bars":18,"minecraft:cobblestone":53,"minecraft:andesite":192,"minecraft:mud_brick_stairs":1,"create:raw_zinc":11,"minecraft:wither_skeleton_skull":1,"minecraft:dirt":378,"minecraft:bone":31,"minecraft:bow":2,"minecraft:wheat_seeds":25,"create:shaft":1,"quark:soul_bead":1,"minecraft:mossy_stone_bricks":7,"minecraft:moss_block":1,"minecraft:oak_planks":45,"minecraft:mossy_stone_brick_stairs":2,"minecraft:black_terracotta":4,"create:cogwheel":14,"minecraft:sand":34,"alexsmobs:animal_dictionary":2,"minecraft:nether_brick_stairs":2,"minecraft:dark_oak_log":2,"minecraft:mossy_cobblestone":8,"minecraft:dark_prismarine_slab":4,"minecraft:slime_block":2,"minecraft:lever":2,"minecraft:polished_blackstone_button":1,"minecraft:crossbow":1,"minecraft:granite":2,"minecraft:golden_apple":1,"minecraft:emerald":5,"minecraft:chainmail_helmet":3,"minecraft:bread":64,"minecraft:oak_sapling":24,"minecraft:netherrack":45,"minecraft:coarse_dirt":2,"minecraft:waxed_oxidized_cut_copper":2,"minecraft:crafting_table":2,"minecraft:azure_bluet":2,"iceandfire:witherbone":16,"minecraft:diamond_horse_armor":1,"minecraft:cornflower":5,"minecraft:oak_trapdoor":7,"minecraft:flint_and_steel":1,"minecraft:item_frame":3,"iceandfire:ghost_ingot":1,"minecraft:cyan_carpet":1,"minecraft:blue_orchid":1,"iceandfire:graveyard_soil":3,"minecraft:beef":1,"minecraft:player_head":1,"minecraft:poppy":4,"minecraft:spruce_slab":23,"minecraft:sugar_cane":21,"minecraft:oak_door":1,"minecraft:bowl":1,"minecraft:amethyst_cluster":3,"minecraft:note_block":6,"create:hand_crank":3,"minecraft:trident":1,"minecraft:carrot":1,"minecraft:dark_oak_planks":21,"minecraft:arrow":27,"minecraft:diamond_chestplate":1,"minecraft:hay_block":18,"minecraft:cut_copper":15,"minecraft:waxed_oxidized_cut_copper_stairs":1,"create:depot":1,"minecraft:saddle":1,"minecraft:oxeye_daisy":2,"minecraft:lime_bed":1,"create:iron_sheet":3,"minecraft:air":0,"minecraft:mud_bricks":42,"minecraft:packed_mud":19,"minecraft:oak_log":126,"iceandfire:ectoplasm":4,"minecraft:golden_boots":1,"minecraft:nether_wart_block":1,"minecraft:gunpowder":2,"minecraft:cobblestone_stairs":1,"tombstone:gift":1,"minecraft:smooth_sandstone":12,"minecraft:red_carpet":1,"minecraft:apple":5,"minecraft:stone_bricks":1,"minecraft:acacia_trapdoor":1,"mowziesmobs:foliaath_seed":3,"minecraft:heart_of_the_sea":1,"minecraft:iron_ingot":3,"minecraft:stripped_oak_wood":7,"minecraft:iron_sword":1,"minecraft:soul_sand":1,"minecraft:dark_oak_stairs":1,"minecraft:book":12,"minecraft:oak_slab":5,"create:large_water_wheel":5,"minecraft:dark_oak_slab":2,"minecraft:dandelion":20,"minecraft:amethyst_shard":8,"minecraft:mud_brick_wall":1,"minecraft:blast_furnace":1,"minecraft:white_bed":1,"minecraft:spruce_log":6,"minecraft:crying_obsidian":2,"quark:oak_chest":2,"illagerinvasion:illusionary_dust":1,"minecraft:spider_eye":2,"create:gearbox":1,"minecraft:stone_axe":1,"minecraft:chainmail_leggings":3,"minecraft:diamond_axe":1,"minecraft:coal":18,"minecraft:wooden_axe":1},"minecraft:broken":{"aether:golden_gloves":1,"minecraft:iron_boots":1,"minecraft:iron_chestplate":1,"minecraft:golden_shovel":1,"minecraft:iron_leggings":2,"minecraft:iron_sword":1}},"DataVersion":3465}