{"stats":{"minecraft:picked_up":{"minecraft:iron_chestplate":2,"minecraft:chainmail_boots":1,"illagerinvasion:platinum_chunk":1,"minecraft:flower_pot":1,"minecraft:lead":4,"quark:hollow_oak_log":2,"minecraft:oak_stairs":67,"minecraft:wither_rose":1,"minecraft:enchanted_book":2,"minecraft:nether_brick":7,"minecraft:stone_brick_stairs":4,"minecraft:golden_sword":1,"minecraft:polished_deepslate_wall":1,"minecraft:polished_deepslate":1,"minecraft:string":81,"minecraft:raw_copper":124,"minecraft:soul_soil":1,"minecraft:cooked_salmon":2,"minecraft:iron_leggings":1,"minecraft:diamond_leggings":1,"create:water_wheel":3,"alexsmobs:blood_sac":4,"minecraft:smooth_stone":1,"minecraft:gold_nugget":40,"create:cart_assembler":9,"create:mechanical_press":15,"minecraft:cobbled_deepslate":5,"minecraft:waxed_exposed_cut_copper":2,"minecraft:redstone_torch":7,"minecraft:coal_block":4,"minecraft:iron_boots":4,"apotheosis:gem":6,"minecraft:stick":38,"minecraft:torch":12,"minecraft:acacia_log":1,"create:andesite_casing":16,"minecraft:sandstone_wall":18,"minecraft:porkchop":2,"minecraft:dried_kelp":128,"tombstone:grave_dust":16,"ironchest:diamond_chest":1,"minecraft:cauldron":2,"mekanism:raw_tin":6,"minecraft:goat_horn":1,"minecraft:waxed_cut_copper_stairs":2,"create:large_cogwheel":39,"minecraft:rotten_flesh":18,"create:veridium":5,"minecraft:waxed_cut_copper":6,"minecraft:blaze_rod":15,"minecraft:obsidian":2,"minecraft:iron_bars":18,"minecraft:cobblestone":53,"minecraft:andesite":192,"minecraft:mud_brick_stairs":1,"create:belt_connector":1,"minecraft:flint":1,"create:raw_zinc":203,"minecraft:wither_skeleton_skull":1,"minecraft:dirt":732,"minecraft:bone":50,"minecraft:bow":2,"minecraft:wheat_seeds":26,"create:shaft":29,"quark:soul_bead":1,"minecraft:mossy_stone_bricks":7,"minecraft:moss_block":1,"minecraft:oak_planks":64,"minecraft:mossy_stone_brick_stairs":2,"minecraft:black_terracotta":4,"create:cogwheel":101,"minecraft:warped_wart_block":1,"create:empty_blaze_burner":1,"minecraft:sand":123,"minecraft:nether_brick_stairs":2,"minecraft:ink_sac":3,"minecraft:spectral_arrow":21,"minecraft:dark_oak_log":2,"alexsmobs:animal_dictionary":2,"minecraft:mossy_cobblestone":8,"minecraft:dark_prismarine_slab":4,"minecraft:slime_block":2,"minecraft:lever":11,"minecraft:polished_blackstone_button":1,"minecraft:crossbow":1,"minecraft:granite":2,"minecraft:golden_apple":1,"minecraft:chainmail_helmet":3,"minecraft:emerald":5,"minecraft:bread":64,"minecraft:oak_sapling":107,"minecraft:netherrack":97,"minecraft:crafting_table":5,"minecraft:waxed_oxidized_cut_copper":2,"minecraft:coarse_dirt":2,"minecraft:azure_bluet":2,"minecraft:splash_potion":2,"iceandfire:witherbone":18,"minecraft:brown_mushroom":26,"create:rotation_speed_controller":1,"minecraft:diamond_horse_armor":1,"create:schematic_table":1,"minecraft:cornflower":5,"minecraft:oak_trapdoor":7,"alexsmobs:pigshoes":1,"immersive_melodies:lute":1,"minecraft:flint_and_steel":1,"minecraft:item_frame":3,"minecraft:cyan_carpet":1,"minecraft:blackstone":98,"iceandfire:ghost_ingot":1,"minecraft:blue_orchid":1,"iceandfire:graveyard_soil":3,"minecraft:beef":1,"minecraft:oak_boat":1,"minecraft:player_head":1,"create:basin":2,"minecraft:iron_nugget":51,"minecraft:poppy":4,"minecraft:spruce_slab":23,"minecraft:minecart":15,"minecraft:sugar_cane":21,"create:polished_rose_quartz":6,"minecraft:oak_door":1,"bygonenether:cobbled_blackstone":1,"create:golden_sheet":3,"minecraft:copper_ingot":29,"minecraft:bowl":1,"minecraft:amethyst_cluster":3,"minecraft:note_block":6,"minecraft:fire_charge":4,"create:hand_crank":7,"minecraft:trident":1,"minecraft:carrot":1,"create:brass_casing":1,"minecraft:dark_oak_planks":21,"create:vertical_gearbox":15,"create:deployer":5,"minecraft:arrow":27,"minecraft:diamond_chestplate":1,"minecraft:nether_bricks":66,"minecraft:hay_block":18,"minecraft:cut_copper":15,"minecraft:waxed_oxidized_cut_copper_stairs":1,"create:depot":8,"minecraft:saddle":1,"minecraft:rail":28,"minecraft:oxeye_daisy":2,"minecraft:stripped_oak_log":3,"minecraft:lime_bed":2,"create:iron_sheet":21,"minecraft:air":0,"minecraft:mud_bricks":42,"minecraft:basalt":2,"minecraft:red_mushroom":5,"minecraft:packed_mud":19,"minecraft:oak_log":218,"iceandfire:ectoplasm":4,"minecraft:golden_boots":1,"minecraft:cobblestone_stairs":2,"minecraft:nether_wart_block":2,"minecraft:gunpowder":2,"create:blaze_burner":2,"alexsmobs:mosquito_proboscis":2,"tombstone:gift":1,"minecraft:spawner":1,"minecraft:smooth_sandstone":12,"minecraft:red_carpet":1,"minecraft:apple":8,"minecraft:stone_bricks":1,"minecraft:kelp":270,"minecraft:acacia_trapdoor":1,"mowziesmobs:foliaath_seed":3,"minecraft:warped_stem":4,"minecraft:heart_of_the_sea":1,"minecraft:iron_ingot":3,"minecraft:stripped_oak_wood":7,"minecraft:iron_sword":2,"minecraft:soul_sand":4,"minecraft:dark_oak_stairs":1,"minecraft:book":12,"minecraft:oak_slab":5,"minecraft:dark_oak_slab":2,"minecraft:smooth_basalt":2,"create:large_water_wheel":10,"minecraft:quartz":47,"minecraft:dandelion":20,"minecraft:gravel":83,"minecraft:amethyst_shard":8,"minecraft:blast_furnace":3,"minecraft:mud_brick_wall":1,"minecraft:white_bed":2,"minecraft:spruce_log":7,"minecraft:crying_obsidian":13,"quark:oak_chest":19,"illagerinvasion:illusionary_dust":1,"minecraft:spider_eye":2,"create:gearbox":7,"minecraft:campfire":9,"minecraft:stone_axe":1,"minecraft:chainmail_leggings":3,"minecraft:diamond_axe":2,"minecraft:warped_nylium":1,"minecraft:coal":19,"minecraft:ender_pearl":2,"minecraft:wooden_axe":1},"minecraft:used":{"create:deployer":15,"minecraft:waxed_exposed_cut_copper":1,"minecraft:iron_shovel":29,"minecraft:polished_deepslate":1,"minecraft:spruce_slab":3,"minecraft:poppy":1,"minecraft:chest":1,"minecraft:shield":13,"minecraft:iron_sword":288,"lootr:trophy":1,"minecraft:iron_chestplate":2,"create:fluid_tank":19,"create:minecart_contraption":2,"minecraft:soul_sand":1,"minecraft:cut_copper":10,"create:white_sail":26,"create:cogwheel":162,"minecraft:nether_bricks":66,"minecraft:carrot":3,"create:depot":13,"minecraft:azure_bluet":2,"minecraft:packed_mud":10,"minecraft:warped_nylium":1,"create:rotation_speed_controller":5,"minecraft:redstone_lamp":1,"create:steam_engine":2,"minecraft:hay_block":8,"create:shaft":68,"minecraft:oak_sapling":26,"minecraft:furnace":1,"bygonenether:cobbled_blackstone":1,"minecraft:dark_oak_stairs":1,"minecraft:oak_planks":47,"minecraft:blackstone":81,"minecraft:mossy_stone_brick_stairs":1,"minecraft:diamond_axe":925,"create:mechanical_saw":4,"minecraft:golden_apple":51,"minecraft:blast_furnace":2,"minecraft:crossbow":4,"minecraft:note_block":6,"minecraft:redstone_torch":17,"minecraft:black_terracotta":1,"minecraft:lever":10,"quark:hollow_oak_log":1,"minecraft:cyan_carpet":1,"minecraft:bread":57,"create:andesite_casing":1,"minecraft:gravel":19,"minecraft:nether_wart_block":2,"create:basin":5,"minecraft:stripped_oak_wood":2,"minecraft:birch_log":1,"create:vertical_gearbox":26,"minecraft:oak_boat":1,"minecraft:bone_meal":4,"create:large_cogwheel":65,"minecraft:trident":65,"minecraft:iron_bars":2,"minecraft:flint_and_steel":1,"iceandfire:silver_sword":908,"create:schematic_table":1,"minecraft:spruce_planks":18,"minecraft:sandstone_wall":16,"minecraft:netherrack":85,"create:mechanical_pump":1,"minecraft:torch":52,"minecraft:dirt":376,"minecraft:warped_wart_block":1,"ironchest:diamond_chest":1,"create:mechanical_mixer":4,"minecraft:golden_shovel":32,"minecraft:nether_brick_stairs":2,"minecraft:dark_oak_planks":13,"create:wrench":474,"create:gearbox":11,"minecraft:iron_axe":178,"create:cart_assembler":10,"minecraft:mud_bricks":37,"minecraft:smooth_basalt":2,"minecraft:golden_carrot":33,"create:fluid_pipe":6,"tombstone:gift":12,"minecraft:soul_soil":1,"minecraft:minecart":15,"minecraft:cooked_beef":12,"create:belt_connector":8,"minecraft:water_bucket":24,"minecraft:warped_stem":1,"minecraft:cobblestone_stairs":1,"create:empty_blaze_burner":5,"minecraft:baked_potato":9,"minecraft:waxed_oxidized_cut_copper":2,"minecraft:brown_mushroom":1,"minecraft:cauldron":1,"create:blaze_burner":4,"minecraft:mossy_cobblestone":2,"create:encased_fan":3,"minecraft:lime_bed":2,"minecraft:rail":30,"minecraft:crafting_table":13,"minecraft:dark_prismarine_slab":2,"minecraft:red_mushroom":5,"minecraft:campfire":9,"minecraft:white_bed":2,"create:linear_chassis":40,"tombstone:bag_of_seeds":2,"minecraft:cornflower":1,"minecraft:oak_log":51,"minecraft:diamond_pickaxe":848,"minecraft:apple":5,"minecraft:oxeye_daisy":1,"minecraft:diamond_shovel":807,"create:mechanical_press":20,"create:windmill_bearing":2,"minecraft:iron_pickaxe":146,"create:water_wheel":3,"create:large_water_wheel":14,"minecraft:cobblestone":36,"minecraft:mud_brick_wall":1,"minecraft:bucket":60,"create:hand_crank":15,"minecraft:pumpkin_pie":1,"quark:oak_chest":24,"minecraft:polished_blackstone_button":1,"minecraft:stripped_oak_log":3,"minecraft:dandelion":9,"minecraft:splash_potion":2,"minecraft:chainmail_leggings":1},"minecraft:custom":{"lootr:looted_stat":181,"minecraft:interact_with_crafting_table":141,"minecraft:leave_game":6,"minecraft:time_since_death":345177,"minecraft:damage_resisted":321,"minecraft:sprint_one_cm":1670693,"minecraft:damage_blocked_by_shield":585,"minecraft:drop":241,"minecraft:play_noteblock":6,"minecraft:talked_to_villager":2,"minecraft:play_time":620727,"minecraft:deaths":14,"minecraft:jump":6663,"minecraft:interact_with_brewingstand":3,"minecraft:walk_on_water_one_cm":30402,"minecraft:interact_with_furnace":46,"minecraft:sleep_in_bed":3,"minecraft:waystone_activated":3,"minecraft:damage_dealt":58677,"minecraft:crouch_one_cm":83452,"tombstone:undead_killed":100,"minecraft:interact_with_smoker":1,"minecraft:horse_one_cm":952502,"minecraft:mob_kills":208,"minecraft:damage_dealt_resisted":1205,"minecraft:climb_one_cm":45369,"minecraft:walk_one_cm":1541854,"minecraft:damage_dealt_absorbed":67,"minecraft:sneak_time":21476,"minecraft:walk_under_water_one_cm":19860,"minecraft:boat_one_cm":83603,"minecraft:interact_with_blast_furnace":1,"minecraft:total_world_time":620727,"tombstone:raider_killed":7,"minecraft:tune_noteblock":5,"minecraft:time_since_rest":324908,"minecraft:damage_taken":17045,"minecraft:damage_absorbed":1664,"minecraft:trigger_trapped_chest":7,"minecraft:swim_one_cm":73884,"minecraft:fly_one_cm":1426445,"minecraft:open_chest":634,"minecraft:fall_one_cm":161912},"minecraft:killed":{"minecraft:spider":10,"minecraft:skeleton":42,"minecraft:illusioner":2,"minecraft:piglin_brute":1,"minecraft:pig":1,"minecraft:creeper":3,"alexsmobs:crimson_mosquito":10,"minecraft:pillager":4,"minecraft:zombie":27,"minecraft:ghast":1,"minecraft:stray":2,"minecraft:blaze":31,"minecraft:cow":1,"alexsmobs:bone_serpent":1,"minecraft:vindicator":1,"alexsmobs:seagull":1,"bygonenether:wraither":2,"minecraft:husk":1,"quark:foxhound":1,"minecraft:bat":1,"iceandfire:ghost":5,"minecraft:wither_skeleton":20,"bygonenether:wex":3,"minecraft:enderman":4},"minecraft:crafted":{"minecraft:smooth_stone":1,"minecraft:oak_planks":254,"minecraft:barrel":13,"minecraft:cobblestone_slab":12,"minecraft:dark_oak_boat":1,"minecraft:stone":1,"minecraft:lever":1,"create:deployer":5,"minecraft:warped_planks":3,"create:vertical_gearbox":6,"create:rotation_speed_controller":1,"minecraft:glass":33,"minecraft:diamond_leggings":1,"sophisticatedbackpacks:tank_upgrade":1,"create:cart_assembler":1,"create:mechanical_press":1,"tombstone:grave_key":5,"minecraft:chest":1,"minecraft:copper_block":1,"minecraft:rail":16,"create:cogwheel":49,"create:brass_hand":5,"create:depot":1,"minecraft:oak_slab":102,"create:rose_quartz":8,"immersive_melodies:didgeridoo":1,"minecraft:crafting_table":7,"minecraft:spruce_planks":7,"create:mechanical_saw":4,"create:fluid_pipe":8,"immersive_melodies:lute":1,"minecraft:copper_ingot":0,"create:sand_paper":1,"iceandfire:earplugs":2,"sophisticatedbackpacks:upgrade_base":1,"create:mechanical_mixer":1,"create:clutch":1,"create:gearbox":7,"create:encased_fan":1,"create:super_glue":1,"create:mechanical_pump":1,"minecraft:iron_chestplate":2,"minecraft:paper":3,"create:water_wheel":4,"minecraft:diamond_pickaxe":1,"minecraft:shield":1,"sophisticatedbackpacks:diamond_backpack":1,"minecraft:stick":2,"quark:oak_chest":20,"minecraft:iron_pickaxe":2,"minecraft:iron_ingot":17,"minecraft:iron_block":1,"create:large_cogwheel":11,"create:propeller":1,"create:empty_blaze_burner":4,"minecraft:redstone":9,"minecraft:coal":3,"create:wrench":1,"create:steam_engine":1,"minecraft:iron_nugget":288,"minecraft:spyglass":1,"create:white_sail":20,"minecraft:furnace":1,"minecraft:bone_meal":16,"create:schematic_table":1,"minecraft:iron_axe":1,"create:fluid_tank":10,"minecraft:diamond_boots":1,"create:basin":1,"create:electron_tube":8,"minecraft:dark_oak_planks":2,"create:belt_connector":31,"create:windmill_bearing":1,"minecraft:minecart":1,"sophisticatedbackpacks:iron_backpack":1,"minecraft:wheat":72,"create:andesite_alloy":86,"create:hand_crank":1,"minecraft:dried_kelp":0,"create:goggles":1,"create:large_water_wheel":4,"sophisticatedbackpacks:gold_backpack":1,"minecraft:bucket":1,"minecraft:air":376,"minecraft:bread":26,"minecraft:oak_boat":1,"minecraft:white_wool":10,"create:whisk":1,"minecraft:golden_apple":8,"create:linear_chassis":18,"minecraft:iron_leggings":1,"create:shaft":80,"minecraft:acacia_planks":1,"create:zinc_ingot":11,"minecraft:diamond_chestplate":1},"minecraft:killed_by":{"mowziesmobs:naga":1,"minecraft:wither_skeleton":2,"minecraft:witch":1,"minecraft:zombie":2,"iceandfire:fire_dragon":1,"minecraft:skeleton":4},"minecraft:dropped":{"minecraft:iron_sword":1,"minecraft:soul_sand":1,"minecraft:moss_block":1,"minecraft:porkchop":2,"minecraft:diamond_axe":1,"minecraft:oak_log":14,"minecraft:ender_pearl":2,"minecraft:pitcher_pod":2,"minecraft:dark_oak_slab":2,"immersive_melodies:lute":1,"iceandfire:ectoplasm":1,"minecraft:red_carpet":1,"iceandfire:graveyard_soil":3,"minecraft:item_frame":1,"minecraft:flint":1,"minecraft:emerald":8,"minecraft:packed_mud":7,"minecraft:dirt":16,"minecraft:netherite_scrap":27,"minecraft:cornflower":2,"minecraft:cut_copper":7,"minecraft:gold_nugget":46,"minecraft:amethyst_shard":15,"minecraft:sand":72,"minecraft:iron_pickaxe":1,"minecraft:stripped_oak_wood":5,"minecraft:dark_oak_planks":8,"quark:oak_chest":15,"minecraft:gold_ingot":66,"minecraft:gravel":8,"minecraft:lever":1,"minecraft:iron_nugget":7,"alexsmobs:animal_dictionary":2,"minecraft:cobbled_deepslate":5,"minecraft:obsidian":1,"minecraft:black_terracotta":3,"minecraft:rotten_flesh":16,"minecraft:oak_planks":1,"minecraft:glowstone_dust":5,"mekanism:raw_tin":6,"minecraft:warped_planks":8,"minecraft:poppy":1,"minecraft:trident":1,"minecraft:gunpowder":2,"quark:hollow_oak_log":1,"minecraft:beetroot_seeds":2,"apotheosis:gem":10,"minecraft:chainmail_boots":1,"immersive_melodies:didgeridoo":1,"minecraft:spruce_slab":20,"minecraft:iron_bars":8,"minecraft:arrow":5,"minecraft:glass":55,"minecraft:beef":1,"minecraft:stone_brick_stairs":3,"minecraft:quartz":8,"minecraft:netherrack":3,"create:rose_quartz":6,"minecraft:enchanted_book":2,"minecraft:golden_boots":1,"minecraft:iron_ingot":2,"minecraft:oak_slab":5,"minecraft:wheat_seeds":4,"minecraft:mossy_cobblestone":2,"mowziesmobs:foliaath_seed":6,"minecraft:waxed_oxidized_cut_copper_stairs":1,"minecraft:diamond_leggings":1,"minecraft:book":6,"minecraft:iron_helmet":2,"minecraft:dark_prismarine_slab":2,"minecraft:lead":1,"minecraft:copper_ingot":83,"minecraft:chainmail_helmet":2,"minecraft:acacia_trapdoor":1,"minecraft:coal":41,"minecraft:golden_apple":1,"illagerinvasion:platinum_chunk":1,"minecraft:torch":1,"minecraft:wooden_axe":1,"minecraft:mud_brick_stairs":1,"tombstone:grave_dust":8,"minecraft:oak_stairs":1,"minecraft:iron_shovel":1,"minecraft:chainmail_leggings":2,"minecraft:string":6,"create:sand_paper":1,"minecraft:dandelion":9,"iceandfire:earplugs":1,"minecraft:oak_trapdoor":3,"minecraft:player_head":1,"minecraft:coarse_dirt":2,"minecraft:raw_copper":45,"minecraft:cocoa_beans":3,"iceandfire:witherbone":7,"minecraft:iron_boots":1,"minecraft:waxed_exposed_cut_copper":1,"minecraft:blast_furnace":2,"minecraft:filled_map":2,"minecraft:hay_block":2,"create:veridium":5,"minecraft:diamond_chestplate":1,"aether:chainmail_gloves":1,"create:zinc_ingot":59,"minecraft:iron_chestplate":2,"minecraft:spider_eye":2,"minecraft:stone_bricks":1,"minecraft:bow":2,"minecraft:amethyst_cluster":3},"minecraft:mined":{"minecraft:dark_oak_planks":28,"minecraft:oak_sapling":1,"minecraft:white_bed":2,"iceandfire:graveyard_soil":2,"minecraft:black_terracotta":4,"create:andesite_casing":16,"minecraft:cobblestone_stairs":2,"minecraft:potted_blue_orchid":1,"minecraft:granite":2,"minecraft:acacia_log":1,"minecraft:grass_block":347,"minecraft:coal_block":6,"minecraft:mud_bricks":45,"minecraft:mud_brick_wall":2,"minecraft:frosted_ice":1,"create:belt":1,"minecraft:oxeye_daisy":2,"minecraft:spawner":39,"minecraft:smooth_stone":1,"minecraft:fire":67,"minecraft:azure_bluet":2,"minecraft:nether_brick_stairs":2,"minecraft:cave_vines":1,"minecraft:water_cauldron":2,"minecraft:dirt_path":2,"minecraft:iron_bars":23,"minecraft:oak_stairs":66,"create:veridium":6,"create:mechanical_press":16,"minecraft:spruce_slab":21,"minecraft:waxed_cut_copper_stairs":2,"minecraft:waxed_cut_copper":8,"create:cogwheel":102,"minecraft:quartz_block":5,"minecraft:blackstone":1,"minecraft:kelp_plant":52,"minecraft:crimson_nylium":19,"minecraft:soul_fire":3,"minecraft:amethyst_cluster":4,"quark:gold_bars":1,"minecraft:torch":2,"minecraft:note_block":6,"minecraft:blast_furnace":2,"minecraft:mud_brick_stairs":1,"minecraft:poppy":1,"mekanism:tin_ore":6,"create:brass_casing":1,"minecraft:mushroom_stem":11,"minecraft:nether_quartz_ore":24,"minecraft:cobblestone":42,"minecraft:slime_block":2,"minecraft:oak_planks":59,"minecraft:sugar_cane":6,"minecraft:wall_torch":5,"create:large_water_wheel":9,"create:basin":2,"minecraft:warped_nylium":13,"minecraft:dark_oak_slab":2,"minecraft:nether_wart_block":2,"minecraft:waxed_oxidized_cut_copper_stairs":1,"ironchest:diamond_chest":1,"minecraft:stripped_oak_wood":2,"minecraft:tnt":2,"minecraft:stone_brick_stairs":5,"minecraft:wither_rose":1,"minecraft:grass":217,"minecraft:oak_log":206,"create:hand_crank":5,"minecraft:sand":132,"minecraft:dirt":81,"quark:hollow_oak_log":1,"minecraft:smooth_basalt":2,"minecraft:netherrack":215,"minecraft:deepslate":5,"minecraft:polished_deepslate_wall":1,"minecraft:oak_leaves":41,"create:zinc_ore":11,"minecraft:red_carpet":1,"minecraft:mossy_cobblestone":5,"minecraft:dark_oak_leaves":1,"minecraft:oak_door":1,"minecraft:dark_oak_log":2,"minecraft:nether_bricks":71,"minecraft:lever":9,"create:large_cogwheel":37,"create:depot":8,"minecraft:brown_mushroom_block":90,"minecraft:spruce_leaves":16,"minecraft:moss_block":1,"minecraft:kelp":9,"farmersdelight:red_mushroom_colony":1,"minecraft:large_fern":6,"minecraft:hay_block":16,"create:shaft":29,"minecraft:oak_trapdoor":4,"minecraft:packed_mud":18,"minecraft:waxed_oxidized_cut_copper":2,"minecraft:acacia_trapdoor":1,"minecraft:andesite":194,"create:scorchia":1,"minecraft:polished_deepslate":2,"minecraft:mossy_stone_brick_stairs":2,"minecraft:bookshelf":44,"create:cart_assembler":10,"minecraft:vine":23,"minecraft:rail":20,"minecraft:stripped_oak_log":3,"minecraft:warped_stem":4,"create:deployer":5,"minecraft:cut_copper":7,"minecraft:stone":14,"minecraft:redstone_wall_torch":3,"minecraft:scaffolding":3,"minecraft:glass_pane":4,"quark:oak_chest":18,"minecraft:basalt":2,"minecraft:dandelion":16,"minecraft:crafting_table":7,"minecraft:cornflower":3,"create:water_wheel":3,"minecraft:tall_grass":24,"minecraft:sculk":1,"minecraft:warped_wart_block":1,"create:water_wheel_structure":1,"create:schematic_table":1,"create:blaze_burner":3,"minecraft:lime_bed":2,"create:gearbox":20,"minecraft:redstone_torch":1,"minecraft:spruce_log":6,"minecraft:birch_leaves":2,"minecraft:dark_prismarine_slab":3,"minecraft:coal_ore":1,"minecraft:mycelium":307,"minecraft:gravel":18,"minecraft:cobweb":8,"minecraft:cracked_stone_bricks":1,"minecraft:stone_bricks":1,"minecraft:mossy_stone_bricks":5,"minecraft:waxed_exposed_cut_copper":2,"minecraft:fern":1},"minecraft:broken":{"aether:golden_gloves":1,"minecraft:iron_boots":1,"minecraft:iron_chestplate":1,"minecraft:golden_shovel":1,"minecraft:iron_leggings":2,"minecraft:iron_sword":1}},"DataVersion":3465}