{"stats":{"minecraft:picked_up":{"minecraft:crafting_table":2,"minecraft:iron_chestplate":2,"minecraft:coarse_dirt":2,"minecraft:flower_pot":1,"iceandfire:witherbone":9,"minecraft:chainmail_boots":1,"minecraft:oak_stairs":45,"minecraft:wither_rose":1,"minecraft:enchanted_book":2,"minecraft:stone_brick_stairs":4,"minecraft:cornflower":3,"minecraft:string":12,"minecraft:oak_trapdoor":7,"minecraft:soul_soil":1,"minecraft:cooked_salmon":2,"minecraft:flint_and_steel":1,"minecraft:item_frame":1,"minecraft:blue_orchid":1,"iceandfire:graveyard_soil":3,"alexsmobs:blood_sac":1,"minecraft:diamond_leggings":1,"minecraft:gold_nugget":40,"minecraft:smooth_stone":1,"minecraft:beef":1,"minecraft:redstone_torch":7,"minecraft:poppy":2,"minecraft:coal_block":4,"minecraft:iron_boots":1,"minecraft:stick":4,"apotheosis:gem":4,"minecraft:oak_door":1,"minecraft:bowl":1,"minecraft:torch":12,"minecraft:acacia_log":1,"minecraft:sandstone_wall":18,"minecraft:porkchop":2,"tombstone:grave_dust":4,"minecraft:trident":1,"minecraft:carrot":1,"minecraft:arrow":23,"minecraft:rotten_flesh":16,"minecraft:diamond_chestplate":1,"minecraft:hay_block":3,"create:veridium":5,"minecraft:iron_bars":18,"minecraft:cobblestone":34,"minecraft:oxeye_daisy":2,"minecraft:lime_bed":1,"minecraft:air":0,"minecraft:oak_log":44,"minecraft:nether_wart_block":1,"minecraft:golden_boots":1,"minecraft:gunpowder":2,"minecraft:cobblestone_stairs":1,"minecraft:dirt":191,"minecraft:smooth_sandstone":12,"minecraft:bone":11,"minecraft:stone_bricks":1,"minecraft:bow":2,"minecraft:wheat_seeds":17,"mowziesmobs:foliaath_seed":3,"minecraft:heart_of_the_sea":1,"minecraft:iron_ingot":3,"minecraft:stripped_oak_wood":7,"quark:soul_bead":1,"minecraft:mossy_stone_bricks":7,"minecraft:mossy_stone_brick_stairs":2,"minecraft:iron_sword":1,"minecraft:oak_planks":45,"minecraft:soul_sand":1,"minecraft:book":6,"minecraft:oak_slab":5,"minecraft:sand":1,"minecraft:crying_obsidian":2,"minecraft:dandelion":12,"quark:oak_chest":2,"minecraft:white_bed":1,"minecraft:nether_brick_stairs":2,"illagerinvasion:illusionary_dust":1,"minecraft:spruce_log":6,"minecraft:dark_oak_log":2,"minecraft:spider_eye":2,"alexsmobs:animal_dictionary":2,"minecraft:mossy_cobblestone":4,"minecraft:chainmail_leggings":3,"minecraft:crossbow":1,"minecraft:bread":64,"minecraft:golden_apple":1,"minecraft:emerald":5,"minecraft:chainmail_helmet":3,"minecraft:netherrack":45,"minecraft:coal":4,"minecraft:wooden_axe":1},"minecraft:killed_by":{"mowziesmobs:naga":1,"minecraft:witch":1,"minecraft:zombie":1},"minecraft:used":{"minecraft:trident":45,"minecraft:iron_shovel":25,"minecraft:iron_bars":2,"iceandfire:silver_sword":259,"create:schematic_table":1,"minecraft:chest":1,"minecraft:spruce_planks":18,"minecraft:shield":13,"minecraft:iron_sword":288,"lootr:trophy":1,"minecraft:sandstone_wall":16,"minecraft:netherrack":42,"minecraft:iron_chestplate":2,"minecraft:torch":51,"minecraft:soul_sand":1,"minecraft:dirt":177,"minecraft:carrot":3,"minecraft:golden_shovel":32,"minecraft:nether_brick_stairs":2,"minecraft:iron_axe":173,"minecraft:redstone_lamp":1,"minecraft:soul_soil":1,"minecraft:furnace":1,"tombstone:gift":2,"minecraft:cooked_beef":12,"minecraft:baked_potato":9,"minecraft:mossy_stone_brick_stairs":1,"minecraft:cauldron":1,"minecraft:golden_apple":13,"minecraft:mossy_cobblestone":2,"minecraft:lime_bed":1,"minecraft:crafting_table":6,"minecraft:white_bed":1,"minecraft:redstone_torch":17,"tombstone:bag_of_seeds":2,"minecraft:diamond_pickaxe":14,"minecraft:apple":5,"minecraft:oxeye_daisy":1,"minecraft:diamond_shovel":132,"minecraft:bread":36,"minecraft:iron_pickaxe":145,"minecraft:nether_wart_block":1,"minecraft:cobblestone":17,"minecraft:stripped_oak_wood":2,"quark:oak_chest":18,"minecraft:dandelion":2,"minecraft:chainmail_leggings":1},"minecraft:killed":{"minecraft:spider":9,"alexsmobs:seagull":1,"minecraft:skeleton":13,"bygonenether:wraither":2,"minecraft:illusioner":2,"minecraft:husk":1,"minecraft:pig":1,"minecraft:bat":1,"minecraft:creeper":3,"minecraft:ghast":1,"minecraft:pillager":1,"minecraft:zombie":23,"iceandfire:ghost":3,"minecraft:stray":2,"minecraft:wither_skeleton":5,"bygonenether:wex":2,"minecraft:enderman":1,"minecraft:cow":1},"minecraft:mined":{"minecraft:white_bed":1,"iceandfire:graveyard_soil":2,"minecraft:mossy_cobblestone":3,"minecraft:oak_door":1,"minecraft:cobblestone_stairs":1,"minecraft:dark_oak_log":2,"minecraft:potted_blue_orchid":1,"minecraft:acacia_log":1,"minecraft:grass_block":166,"minecraft:coal_block":6,"minecraft:spruce_leaves":16,"minecraft:oxeye_daisy":2,"minecraft:spawner":13,"minecraft:large_fern":6,"minecraft:hay_block":1,"minecraft:smooth_stone":1,"minecraft:oak_trapdoor":4,"minecraft:fire":13,"minecraft:nether_brick_stairs":2,"minecraft:mossy_stone_brick_stairs":2,"minecraft:vine":21,"minecraft:oak_stairs":44,"minecraft:iron_bars":23,"minecraft:stone":9,"create:veridium":6,"minecraft:redstone_wall_torch":3,"minecraft:glass_pane":2,"minecraft:quartz_block":5,"quark:oak_chest":2,"minecraft:crimson_nylium":4,"minecraft:soul_fire":3,"minecraft:dandelion":8,"minecraft:crafting_table":3,"minecraft:cornflower":2,"minecraft:torch":2,"minecraft:tall_grass":14,"minecraft:cobblestone":28,"minecraft:oak_planks":40,"minecraft:wall_torch":5,"minecraft:lime_bed":1,"minecraft:nether_wart_block":1,"minecraft:wither_rose":1,"minecraft:redstone_torch":1,"minecraft:spruce_log":6,"minecraft:birch_leaves":1,"minecraft:stripped_oak_wood":2,"minecraft:stone_brick_stairs":5,"minecraft:grass":169,"minecraft:coal_ore":1,"minecraft:oak_log":47,"minecraft:dirt":26,"minecraft:cobweb":7,"minecraft:cracked_stone_bricks":1,"minecraft:stone_bricks":1,"minecraft:netherrack":36,"minecraft:mossy_stone_bricks":5,"minecraft:oak_leaves":13,"minecraft:fern":1},"minecraft:crafted":{"minecraft:oak_planks":103,"minecraft:cobblestone_slab":12,"minecraft:dark_oak_boat":1,"minecraft:furnace":1,"minecraft:stone":1,"create:schematic_table":1,"minecraft:iron_axe":1,"minecraft:chest":1,"minecraft:dark_oak_planks":2,"minecraft:wheat":9,"sophisticatedbackpacks:iron_backpack":1,"minecraft:oak_slab":6,"immersive_melodies:didgeridoo":1,"minecraft:crafting_table":3,"minecraft:spruce_planks":6,"immersive_melodies:lute":1,"sophisticatedbackpacks:gold_backpack":1,"minecraft:bread":3,"minecraft:air":59,"minecraft:shield":1,"minecraft:golden_apple":8,"minecraft:iron_chestplate":2,"minecraft:diamond_pickaxe":1,"quark:oak_chest":16,"sophisticatedbackpacks:diamond_backpack":1,"minecraft:stick":2,"minecraft:iron_pickaxe":2,"minecraft:iron_leggings":1,"minecraft:acacia_planks":1,"minecraft:smooth_stone":1},"minecraft:custom":{"lootr:looted_stat":115,"minecraft:mob_kills":83,"minecraft:interact_with_crafting_table":45,"minecraft:damage_dealt_resisted":1205,"minecraft:leave_game":2,"minecraft:time_since_death":125605,"minecraft:climb_one_cm":35155,"minecraft:damage_resisted":0,"minecraft:sprint_one_cm":848031,"minecraft:walk_one_cm":496567,"minecraft:damage_blocked_by_shield":585,"minecraft:drop":74,"minecraft:damage_dealt_absorbed":67,"minecraft:play_time":182253,"minecraft:sneak_time":4643,"minecraft:deaths":4,"minecraft:walk_under_water_one_cm":14410,"minecraft:jump":2331,"minecraft:walk_on_water_one_cm":13971,"minecraft:total_world_time":182253,"minecraft:interact_with_furnace":11,"tombstone:raider_killed":3,"minecraft:sleep_in_bed":1,"minecraft:time_since_rest":75970,"minecraft:waystone_activated":1,"minecraft:damage_taken":6317,"minecraft:damage_absorbed":521,"minecraft:trigger_trapped_chest":4,"minecraft:damage_dealt":20389,"minecraft:swim_one_cm":37954,"minecraft:fly_one_cm":586725,"minecraft:open_chest":180,"minecraft:crouch_one_cm":23033,"tombstone:undead_killed":49,"minecraft:horse_one_cm":209900,"minecraft:fall_one_cm":44047},"minecraft:broken":{"aether:golden_gloves":1,"minecraft:iron_boots":1,"minecraft:iron_chestplate":1,"minecraft:golden_shovel":1,"minecraft:iron_leggings":1,"minecraft:iron_sword":1},"minecraft:dropped":{"minecraft:enchanted_book":2,"minecraft:golden_boots":1,"minecraft:iron_ingot":2,"minecraft:iron_sword":1,"minecraft:oak_slab":5,"minecraft:soul_sand":1,"minecraft:porkchop":2,"minecraft:wheat_seeds":3,"mowziesmobs:foliaath_seed":6,"minecraft:diamond_leggings":1,"minecraft:pitcher_pod":2,"minecraft:lead":1,"minecraft:iron_helmet":2,"minecraft:book":6,"minecraft:chainmail_helmet":2,"minecraft:golden_apple":1,"iceandfire:graveyard_soil":3,"minecraft:item_frame":1,"minecraft:dirt":14,"minecraft:cornflower":1,"minecraft:wooden_axe":1,"tombstone:grave_dust":1,"minecraft:oak_stairs":1,"minecraft:iron_pickaxe":1,"minecraft:stripped_oak_wood":5,"minecraft:chainmail_leggings":2,"minecraft:iron_shovel":1,"minecraft:string":6,"minecraft:dandelion":6,"minecraft:oak_trapdoor":3,"minecraft:coarse_dirt":2,"alexsmobs:animal_dictionary":2,"minecraft:cocoa_beans":3,"minecraft:rotten_flesh":16,"minecraft:iron_boots":1,"minecraft:oak_planks":1,"minecraft:hay_block":2,"minecraft:trident":1,"minecraft:gunpowder":2,"create:veridium":5,"aether:chainmail_gloves":1,"minecraft:diamond_chestplate":1,"minecraft:iron_chestplate":2,"minecraft:beetroot_seeds":2,"apotheosis:gem":2,"minecraft:chainmail_boots":1,"immersive_melodies:didgeridoo":1,"minecraft:spider_eye":2,"minecraft:stone_bricks":1,"minecraft:iron_bars":8,"minecraft:arrow":4,"minecraft:bow":2,"minecraft:beef":1,"minecraft:stone_brick_stairs":2,"minecraft:netherrack":3}},"DataVersion":3465}