{"stats":{"minecraft:killed_by":{"mowziesmobs:naga":1,"minecraft:witch":1,"minecraft:zombie":1},"minecraft:dropped":{"minecraft:enchanted_book":2,"minecraft:golden_boots":1,"minecraft:iron_ingot":2,"minecraft:iron_sword":1,"minecraft:oak_slab":5,"minecraft:soul_sand":1,"minecraft:porkchop":2,"mowziesmobs:foliaath_seed":6,"minecraft:diamond_leggings":1,"minecraft:pitcher_pod":2,"minecraft:iron_helmet":2,"minecraft:book":6,"minecraft:chainmail_helmet":2,"minecraft:item_frame":1,"minecraft:wooden_axe":1,"tombstone:grave_dust":1,"minecraft:oak_stairs":1,"minecraft:iron_pickaxe":1,"minecraft:stripped_oak_wood":5,"minecraft:iron_shovel":1,"minecraft:chainmail_leggings":2,"minecraft:string":6,"minecraft:oak_trapdoor":3,"alexsmobs:animal_dictionary":2,"minecraft:cocoa_beans":3,"minecraft:rotten_flesh":14,"minecraft:oak_planks":1,"minecraft:iron_boots":1,"minecraft:trident":1,"minecraft:gunpowder":2,"create:veridium":5,"minecraft:diamond_chestplate":1,"aether:chainmail_gloves":1,"minecraft:iron_chestplate":2,"minecraft:beetroot_seeds":2,"minecraft:chainmail_boots":1,"apotheosis:gem":2,"minecraft:spider_eye":2,"minecraft:iron_bars":8,"minecraft:arrow":4,"minecraft:bow":2,"minecraft:beef":1,"minecraft:netherrack":3},"minecraft:mined":{"minecraft:mossy_cobblestone":1,"minecraft:acacia_log":1,"minecraft:grass_block":3,"minecraft:spawner":13,"minecraft:nether_brick_stairs":2,"minecraft:mossy_stone_brick_stairs":2,"minecraft:vine":10,"minecraft:iron_bars":23,"minecraft:stone":2,"create:veridium":6,"minecraft:redstone_wall_torch":3,"minecraft:glass_pane":1,"minecraft:quartz_block":5,"minecraft:crafting_table":2,"minecraft:torch":2,"minecraft:wall_torch":5,"minecraft:lime_bed":1,"minecraft:redstone_torch":1,"minecraft:stripped_oak_wood":2,"minecraft:stone_brick_stairs":3,"minecraft:grass":9,"minecraft:oak_log":3,"minecraft:cobweb":7,"minecraft:cracked_stone_bricks":1,"minecraft:mossy_stone_bricks":5},"minecraft:broken":{"aether:golden_gloves":1,"minecraft:iron_sword":1},"minecraft:picked_up":{"minecraft:crafting_table":1,"minecraft:iron_chestplate":2,"minecraft:chainmail_boots":1,"iceandfire:witherbone":1,"minecraft:oak_stairs":1,"minecraft:enchanted_book":2,"minecraft:stone_brick_stairs":1,"minecraft:oak_trapdoor":3,"minecraft:string":12,"minecraft:item_frame":1,"minecraft:diamond_leggings":1,"minecraft:beef":1,"minecraft:redstone_torch":7,"minecraft:iron_boots":1,"minecraft:stick":4,"apotheosis:gem":3,"minecraft:torch":10,"minecraft:acacia_log":1,"minecraft:sandstone_wall":18,"minecraft:porkchop":2,"tombstone:grave_dust":4,"minecraft:trident":1,"minecraft:carrot":1,"minecraft:diamond_chestplate":1,"minecraft:arrow":11,"minecraft:rotten_flesh":14,"create:veridium":5,"minecraft:iron_bars":18,"minecraft:cobblestone":2,"minecraft:lime_bed":1,"minecraft:air":0,"minecraft:golden_boots":1,"minecraft:gunpowder":2,"minecraft:dirt":3,"minecraft:smooth_sandstone":12,"minecraft:bone":3,"minecraft:bow":1,"mowziesmobs:foliaath_seed":3,"minecraft:iron_ingot":3,"minecraft:stripped_oak_wood":7,"minecraft:mossy_stone_bricks":7,"minecraft:mossy_stone_brick_stairs":2,"minecraft:oak_planks":1,"minecraft:iron_sword":1,"minecraft:soul_sand":1,"minecraft:book":6,"minecraft:oak_slab":5,"minecraft:nether_brick_stairs":2,"alexsmobs:animal_dictionary":2,"minecraft:spider_eye":2,"minecraft:mossy_cobblestone":2,"minecraft:chainmail_leggings":3,"minecraft:chainmail_helmet":3,"minecraft:netherrack":3,"minecraft:coal":1,"minecraft:wooden_axe":1},"minecraft:killed":{"minecraft:spider":9,"minecraft:skeleton":9,"minecraft:pig":1,"minecraft:bat":1,"minecraft:creeper":3,"minecraft:zombie":22,"minecraft:stray":2,"minecraft:wither_skeleton":4,"minecraft:cow":1,"minecraft:enderman":1},"minecraft:used":{"minecraft:trident":37,"minecraft:iron_bars":2,"minecraft:shield":13,"minecraft:iron_sword":274,"minecraft:sandstone_wall":16,"minecraft:iron_chestplate":2,"minecraft:torch":50,"minecraft:dirt":3,"minecraft:carrot":3,"minecraft:nether_brick_stairs":2,"minecraft:iron_axe":7,"minecraft:redstone_lamp":1,"tombstone:gift":2,"minecraft:cooked_beef":5,"minecraft:baked_potato":3,"minecraft:mossy_stone_brick_stairs":1,"minecraft:golden_apple":1,"minecraft:mossy_cobblestone":2,"minecraft:crafting_table":3,"minecraft:redstone_torch":17,"tombstone:bag_of_seeds":2,"minecraft:apple":5,"minecraft:bread":12,"minecraft:iron_pickaxe":70,"minecraft:stripped_oak_wood":2,"minecraft:chainmail_leggings":1},"minecraft:crafted":{"minecraft:oak_planks":2,"minecraft:iron_axe":1,"sophisticatedbackpacks:iron_backpack":1,"minecraft:crafting_table":2,"sophisticatedbackpacks:gold_backpack":1,"minecraft:air":22,"minecraft:iron_chestplate":1,"minecraft:stick":2,"minecraft:iron_pickaxe":2,"minecraft:acacia_planks":1},"minecraft:custom":{"lootr:looted_stat":83,"minecraft:mob_kills":53,"minecraft:interact_with_crafting_table":8,"minecraft:damage_dealt_resisted":0,"minecraft:time_since_death":18657,"minecraft:climb_one_cm":34156,"minecraft:damage_resisted":0,"minecraft:sprint_one_cm":407501,"minecraft:walk_one_cm":207729,"minecraft:damage_blocked_by_shield":585,"minecraft:drop":59,"minecraft:damage_dealt_absorbed":67,"minecraft:play_time":75305,"minecraft:deaths":4,"minecraft:sneak_time":473,"minecraft:walk_under_water_one_cm":3929,"minecraft:jump":638,"minecraft:walk_on_water_one_cm":2971,"minecraft:total_world_time":75305,"minecraft:interact_with_furnace":3,"minecraft:time_since_rest":17919,"minecraft:damage_taken":2626,"minecraft:damage_absorbed":40,"minecraft:damage_dealt":10764,"minecraft:swim_one_cm":15617,"minecraft:fly_one_cm":122168,"minecraft:crouch_one_cm":3337,"tombstone:undead_killed":37,"minecraft:fall_one_cm":12324}},"DataVersion":3465}