{"stats":{"minecraft:used":{"minecraft:iron_shovel":43,"minecraft:shield":1,"lootr:trophy":1,"create:mechanical_bearing":1,"minecraft:tuff":3,"minecraft:obsidian":6,"minecraft:bow":21,"create:shaft":1,"minecraft:oak_sapling":2,"minecraft:egg":4,"minecraft:diorite":1,"minecraft:diamond_boots":1,"minecraft:stone_pickaxe":72,"minecraft:wooden_pickaxe":3,"minecraft:diamond_axe":328,"minecraft:golden_apple":28,"minecraft:blast_furnace":1,"minecraft:firework_rocket":5,"minecraft:bread":71,"minecraft:iron_door":1,"minecraft:oak_fence":39,"minecraft:iron_bars":6,"minecraft:flint_and_steel":1,"minecraft:spruce_planks":2,"minecraft:netherrack":115,"minecraft:dirt":115,"minecraft:anvil":4,"iceandfire:copper_sword":5,"minecraft:iron_hoe":77,"create:wrench":4,"minecraft:iron_axe":324,"minecraft:oak_stairs":32,"minecraft:iron_boots":2,"minecraft:diamond_chestplate":1,"create:encased_chain_drive":3,"quark:acacia_ladder":4,"create:radial_chassis":5,"minecraft:soul_soil":2,"tombstone:gift":2,"minecraft:cooked_beef":14,"minecraft:cobbled_deepslate":20,"minecraft:acacia_planks":39,"minecraft:cooked_mutton":2,"minecraft:water_bucket":17,"minecraft:cobblestone_stairs":2,"minecraft:cobblestone_slab":105,"minecraft:mossy_cobblestone":2,"minecraft:crafting_table":14,"minecraft:white_bed":5,"minecraft:smoker":1,"minecraft:oak_log":6,"minecraft:diamond_pickaxe":664,"minecraft:diamond_shovel":315,"minecraft:iron_pickaxe":36,"create:water_wheel":2,"tombstone:magic_scroll":1,"minecraft:stone_axe":84,"minecraft:cobblestone":34,"minecraft:potion":2,"minecraft:bucket":19,"minecraft:yellow_bed":2},"minecraft:picked_up":{"minecraft:wooden_axe":1,"minecraft:wheat":9,"minecraft:anvil":3,"minecraft:potion":2,"minecraft:enchanted_book":1,"tombstone:grave_key":1,"minecraft:brewing_stand":4,"alexsmobs:gazelle_horn":2,"minecraft:string":12,"minecraft:soul_soil":5,"minecraft:smooth_stone_slab":2,"minecraft:iron_leggings":1,"create:water_wheel":2,"alexsmobs:blood_sac":1,"minecraft:cobbled_deepslate":25,"minecraft:spruce_planks":5,"minecraft:cobblestone_slab":2,"minecraft:coal_block":12,"minecraft:iron_boots":1,"minecraft:tipped_arrow":4,"minecraft:stick":5,"apotheosis:gem":13,"minecraft:oak_fence":32,"minecraft:torch":15,"minecraft:acacia_log":21,"create:andesite_casing":4,"minecraft:spruce_stairs":1,"tombstone:grave_dust":28,"minecraft:diorite":22,"aether:golden_gloves":1,"minecraft:rotten_flesh":31,"iceandfire:fire_dragon_heart":1,"minecraft:blackstone_stairs":1,"minecraft:obsidian":16,"minecraft:iron_bars":15,"minecraft:cobblestone":124,"minecraft:leather_chestplate":1,"minecraft:feather":5,"minecraft:iron_door":1,"minecraft:andesite":9,"minecraft:smoker":2,"minecraft:tuff":3,"minecraft:lapis_lazuli":129,"minecraft:dirt":375,"create:encased_chain_drive":2,"minecraft:leather_boots":1,"minecraft:bone":28,"minecraft:chipped_anvil":1,"minecraft:acacia_planks":23,"minecraft:bow":2,"minecraft:wheat_seeds":7,"minecraft:raw_gold":88,"minecraft:mossy_stone_bricks":2,"minecraft:fletching_table":1,"create:super_glue":2,"create:radial_chassis":5,"iceandfire:dragon_skull_fire":1,"minecraft:nether_brick_stairs":1,"minecraft:mossy_cobblestone":30,"alexsmobs:animal_dictionary":1,"minecraft:bundle":2,"minecraft:diamond":21,"waystones:waystone":1,"minecraft:golden_apple":1,"minecraft:emerald":5,"minecraft:oak_sapling":6,"minecraft:netherrack":117,"minecraft:crafting_table":11,"iceandfire:witherbone":7,"minecraft:chicken":4,"minecraft:leather_leggings":4,"minecraft:wooden_pickaxe":1,"minecraft:gold_block":19,"minecraft:shield":1,"minecraft:red_bed":1,"minecraft:iron_shovel":1,"minecraft:cracked_stone_bricks":1,"minecraft:beef":10,"immersive_melodies:trumpet":1,"minecraft:spruce_slab":1,"minecraft:sugar_cane":19,"minecraft:egg":4,"minecraft:raw_iron":144,"iceandfire:dragonbone":8,"iceandfire:dragonscales_gray":11,"bygonenether:cobbled_blackstone":2,"create:golden_sheet":8,"sophisticatedbackpacks:backpack":1,"farmersdelight:tomato_seeds":2,"minecraft:redstone":36,"minecraft:stone_pressure_plate":1,"minecraft:tnt":3,"minecraft:arrow":10,"minecraft:beetroot_seeds":1,"minecraft:nether_bricks":4,"minecraft:hay_block":77,"artifacts:cross_necklace":1,"minecraft:saddle":1,"minecraft:gold_ingot":5,"minecraft:mutton":18,"minecraft:white_wool":9,"minecraft:stripped_oak_log":21,"create:iron_sheet":6,"minecraft:air":0,"minecraft:glow_ink_sac":2,"minecraft:leather":6,"minecraft:blackstone_slab":1,"minecraft:oak_log":80,"minecraft:ancient_debris":4,"minecraft:yellow_bed":4,"minecraft:gunpowder":15,"minecraft:cobblestone_stairs":10,"minecraft:stone_bricks":6,"minecraft:iron_ingot":8,"minecraft:stripped_oak_wood":2,"minecraft:soul_sand":3,"minecraft:iron_sword":1,"iceandfire:fire_dragon_flesh":3,"minecraft:book":51,"create:mechanical_bearing":1,"create:large_water_wheel":7,"minecraft:dandelion":2,"minecraft:raw_iron_block":2,"minecraft:blast_furnace":5,"minecraft:white_bed":10,"minecraft:spruce_log":2,"mekanism:raw_osmium":1,"minecraft:spider_eye":4,"create:electron_tube":2,"minecraft:stone_axe":1,"minecraft:chainmail_leggings":2,"minecraft:mossy_cobblestone_stairs":1,"tombstone:magic_scroll":3,"minecraft:black_wool":2,"minecraft:coal":50},"minecraft:custom":{"lootr:looted_stat":164,"minecraft:interact_with_crafting_table":47,"minecraft:bell_ring":4,"minecraft:leave_game":13,"minecraft:time_since_death":21952,"minecraft:damage_resisted":76,"minecraft:sprint_one_cm":999308,"minecraft:damage_blocked_by_shield":20,"minecraft:drop":658,"minecraft:play_noteblock":3,"minecraft:talked_to_villager":1,"minecraft:play_time":242516,"minecraft:deaths":1,"minecraft:jump":4262,"minecraft:walk_on_water_one_cm":20477,"minecraft:interact_with_furnace":3,"minecraft:sleep_in_bed":2,"minecraft:waystone_activated":2,"minecraft:damage_dealt":38400,"minecraft:crouch_one_cm":41845,"tombstone:undead_killed":95,"tombstone:villager_killed":1,"minecraft:interact_with_smoker":3,"minecraft:horse_one_cm":18055,"minecraft:mob_kills":164,"minecraft:interact_with_anvil":7,"minecraft:damage_dealt_resisted":5238,"minecraft:climb_one_cm":8358,"minecraft:walk_one_cm":490722,"minecraft:damage_dealt_absorbed":40,"minecraft:sneak_time":11871,"minecraft:walk_under_water_one_cm":11535,"minecraft:boat_one_cm":40700,"minecraft:interact_with_blast_furnace":4,"minecraft:total_world_time":242516,"tombstone:raider_killed":5,"minecraft:tune_noteblock":1,"minecraft:time_since_rest":21732,"minecraft:damage_absorbed":1043,"minecraft:damage_taken":5136,"minecraft:trigger_trapped_chest":2,"minecraft:swim_one_cm":34815,"minecraft:fly_one_cm":962688,"minecraft:open_chest":13,"minecraft:fall_one_cm":132129},"minecraft:killed_by":{"iceandfire:cyclops":1},"minecraft:killed":{"guardvillagers:guard":5,"minecraft:witch":1,"minecraft:spider":12,"minecraft:skeleton":20,"minecraft:chicken":2,"minecraft:magma_cube":2,"minecraft:creeper":11,"alexsmobs:crimson_mosquito":1,"minecraft:sheep":9,"minecraft:pillager":2,"minecraft:zombie":38,"minecraft:stray":5,"minecraft:ghast":1,"bygonenether:corpor":3,"minecraft:cow":4,"minecraft:vindicator":2,"alexsmobs:seagull":1,"iceandfire:fire_dragon":1,"bygonenether:wraither":8,"bygonenether:wither_skeleton_knight":4,"minecraft:husk":7,"iceandfire:cyclops":1,"quark:foxhound":1,"minecraft:wandering_trader":1,"iceandfire:ghost":2,"alexsmobs:gazelle":3,"minecraft:wither_skeleton":7,"bygonenether:wex":5,"quark:wraith":1},"minecraft:crafted":{"minecraft:oak_planks":90,"minecraft:cobblestone_slab":120,"create:mechanical_bearing":1,"minecraft:cooked_mutton":2,"quark:acacia_ladder":4,"create:radial_chassis":3,"create:cogwheel":1,"minecraft:oak_fence":24,"minecraft:smoker":1,"minecraft:arrow":20,"sophisticatedbackpacks:backpack":1,"minecraft:diamond_axe":1,"minecraft:crafting_table":4,"minecraft:spruce_planks":2,"minecraft:wooden_pickaxe":1,"create:encased_chain_drive":1,"create:water_wheel":1,"minecraft:stick":58,"quark:oak_chest":1,"minecraft:iron_ingot":9,"minecraft:iron_block":6,"minecraft:coal":4,"create:wrench":1,"minecraft:iron_nugget":4,"minecraft:furnace":2,"minecraft:spruce_slab":6,"minecraft:iron_hoe":1,"minecraft:stone_pickaxe":1,"minecraft:diamond_boots":1,"minecraft:wheat":229,"sophisticatedbackpacks:iron_backpack":2,"create:andesite_alloy":8,"quark:vertical_oak_planks":3,"sophisticatedbackpacks:gold_backpack":2,"minecraft:bucket":1,"minecraft:stone_axe":2,"minecraft:bread":57,"minecraft:air":906,"minecraft:oak_stairs":32,"minecraft:anvil":2,"create:shaft":8,"minecraft:andesite":42,"minecraft:acacia_planks":35},"minecraft:mined":{"minecraft:stone_pressure_plate":1,"minecraft:spruce_planks":5,"minecraft:blackstone_stairs":2,"minecraft:white_bed":10,"create:andesite_casing":4,"minecraft:cobblestone_stairs":10,"minecraft:brewing_stand":4,"minecraft:obsidian":16,"minecraft:acacia_log":21,"minecraft:grass_block":150,"minecraft:soul_soil":8,"minecraft:coal_block":11,"minecraft:spawner":43,"minecraft:polished_blackstone_bricks":1,"minecraft:raw_iron_block":2,"minecraft:mossy_cobblestone_stairs":2,"minecraft:iron_ore":14,"minecraft:fire":2,"minecraft:fletching_table":1,"minecraft:deepslate_lapis_ore":7,"minecraft:anvil":3,"minecraft:nether_brick_stairs":4,"minecraft:dirt_path":34,"minecraft:iron_bars":18,"minecraft:spruce_slab":1,"minecraft:deepslate_redstone_ore":6,"create:radial_chassis":5,"mekanism:osmium_ore":1,"minecraft:smoker":2,"minecraft:soul_fire":1,"minecraft:blast_furnace":5,"minecraft:cobblestone":34,"minecraft:sugar_cane":12,"minecraft:iron_door":1,"minecraft:wall_torch":4,"minecraft:seagrass":1,"minecraft:wheat":1,"bygonenether:cobbled_blackstone":2,"minecraft:stripped_oak_wood":1,"minecraft:tnt":3,"minecraft:stone_brick_stairs":1,"minecraft:smooth_stone_slab":4,"minecraft:grass":47,"minecraft:oak_log":56,"minecraft:sand":1,"minecraft:dirt":176,"create:encased_chain_drive":2,"minecraft:netherrack":124,"minecraft:ancient_debris":4,"minecraft:oak_leaves":2,"minecraft:deepslate":26,"minecraft:crying_obsidian":1,"minecraft:tuff":3,"minecraft:mossy_cobblestone":11,"minecraft:deepslate_diamond_ore":14,"farmersdelight:wild_carrots":1,"minecraft:nether_bricks":4,"minecraft:cartography_table":1,"minecraft:hay_block":77,"minecraft:andesite":10,"minecraft:gold_block":19,"minecraft:bookshelf":17,"minecraft:deepslate_iron_ore":68,"minecraft:cobblestone_slab":4,"minecraft:vine":4,"minecraft:stripped_oak_log":21,"minecraft:stone":110,"minecraft:acacia_leaves":1,"minecraft:soul_sand":3,"minecraft:dandelion":1,"minecraft:oak_fence":28,"minecraft:crafting_table":12,"minecraft:blackstone_slab":1,"create:water_wheel":2,"minecraft:tall_grass":6,"minecraft:lapis_ore":3,"minecraft:deepslate_gold_ore":50,"farmersdelight:wild_tomatoes":1,"minecraft:diorite":22,"minecraft:yellow_bed":4,"create:mechanical_bearing":1,"minecraft:coal_ore":33,"minecraft:cracked_stone_bricks":10,"minecraft:acacia_planks":20,"minecraft:stone_bricks":11,"minecraft:mossy_stone_bricks":3,"minecraft:chipped_anvil":1},"minecraft:dropped":{"minecraft:iron_sword":1,"create:super_glue":1,"minecraft:soul_sand":3,"minecraft:glow_ink_sac":2,"minecraft:glass_bottle":2,"minecraft:cracked_stone_bricks":1,"minecraft:blackstone_stairs":1,"minecraft:cobblestone_stairs":8,"minecraft:dirt":74,"minecraft:sand":7,"minecraft:bone":8,"minecraft:stone_axe":1,"alexsmobs:gazelle_horn":2,"minecraft:cobbled_deepslate":4,"alexsmobs:animal_dictionary":1,"aether:golden_gloves":2,"minecraft:wheat":531,"tombstone:gift":1,"minecraft:rotten_flesh":24,"minecraft:chainmail_chestplate":2,"minecraft:leather_chestplate":1,"alexsmobs:blood_sac":1,"minecraft:tipped_arrow":2,"minecraft:gunpowder":7,"minecraft:beetroot_seeds":1,"apotheosis:gem":2,"minecraft:leather_leggings":2,"minecraft:spruce_slab":1,"minecraft:blackstone_slab":1,"minecraft:iron_bars":3,"minecraft:arrow":2,"minecraft:crying_obsidian":1,"minecraft:netherrack":2,"farmersdelight:tomato_seeds":2,"minecraft:enchanted_book":1,"minecraft:wheat_seeds":7,"minecraft:mossy_cobblestone":26,"minecraft:oak_fence":11,"minecraft:cobblestone":6,"minecraft:spruce_stairs":1,"minecraft:stick":1,"bygonenether:cobbled_blackstone":2,"tombstone:grave_key":1,"minecraft:wooden_axe":1,"tombstone:grave_dust":17,"minecraft:potion":1,"minecraft:iron_leggings":1,"minecraft:chainmail_leggings":1,"iceandfire:dragon_skull_fire":1,"minecraft:dandelion":2,"minecraft:redstone":34,"minecraft:soul_soil":3,"minecraft:smooth_stone_slab":2,"iceandfire:witherbone":7,"minecraft:chicken":2,"minecraft:iron_boots":2,"minecraft:cobblestone_slab":17,"minecraft:shield":1,"iceandfire:copper_sword":1,"aether:iron_gloves":1,"aether:chainmail_gloves":1,"minecraft:bundle":1,"minecraft:oak_sapling":5,"minecraft:stone_pressure_plate":1,"minecraft:spider_eye":1,"minecraft:stone_bricks":3,"minecraft:bow":2,"minecraft:wooden_pickaxe":2},"minecraft:broken":{"minecraft:stone_axe":1,"minecraft:iron_axe":1}},"DataVersion":3465}