{"stats":{"minecraft:used":{"minecraft:shield":1,"lootr:trophy":1,"minecraft:tuff":3,"minecraft:obsidian":6,"minecraft:bow":1,"minecraft:egg":3,"minecraft:diorite":1,"minecraft:diamond_boots":1,"minecraft:stone_pickaxe":72,"minecraft:wooden_pickaxe":3,"minecraft:diamond_axe":143,"minecraft:golden_apple":18,"minecraft:blast_furnace":1,"minecraft:firework_rocket":5,"minecraft:bread":53,"minecraft:iron_door":1,"minecraft:oak_fence":37,"minecraft:iron_bars":4,"minecraft:flint_and_steel":1,"minecraft:spruce_planks":2,"minecraft:netherrack":115,"minecraft:dirt":58,"minecraft:anvil":3,"iceandfire:copper_sword":5,"minecraft:iron_hoe":59,"minecraft:iron_axe":324,"minecraft:iron_boots":1,"minecraft:diamond_chestplate":1,"quark:acacia_ladder":4,"minecraft:soul_soil":2,"minecraft:cooked_beef":14,"minecraft:acacia_planks":22,"minecraft:cobbled_deepslate":18,"minecraft:cooked_mutton":2,"minecraft:water_bucket":11,"minecraft:cobblestone_slab":105,"minecraft:mossy_cobblestone":2,"minecraft:crafting_table":11,"minecraft:white_bed":5,"minecraft:smoker":1,"minecraft:diamond_pickaxe":604,"minecraft:diamond_shovel":124,"minecraft:iron_pickaxe":36,"tombstone:magic_scroll":1,"minecraft:stone_axe":84,"minecraft:cobblestone":33,"minecraft:potion":2,"minecraft:bucket":13,"minecraft:yellow_bed":2},"minecraft:picked_up":{"minecraft:wooden_axe":1,"minecraft:wheat":7,"minecraft:anvil":3,"minecraft:enchanted_book":1,"minecraft:potion":2,"minecraft:brewing_stand":4,"alexsmobs:gazelle_horn":2,"minecraft:string":12,"minecraft:soul_soil":5,"minecraft:smooth_stone_slab":2,"minecraft:iron_leggings":1,"alexsmobs:blood_sac":1,"minecraft:cobbled_deepslate":25,"minecraft:spruce_planks":5,"minecraft:cobblestone_slab":2,"minecraft:coal_block":12,"minecraft:iron_boots":1,"minecraft:tipped_arrow":4,"apotheosis:gem":13,"minecraft:stick":2,"minecraft:oak_fence":30,"minecraft:torch":11,"minecraft:acacia_log":21,"minecraft:spruce_stairs":1,"tombstone:grave_dust":28,"minecraft:diorite":1,"aether:golden_gloves":1,"minecraft:rotten_flesh":29,"iceandfire:fire_dragon_heart":1,"minecraft:blackstone_stairs":1,"minecraft:obsidian":16,"minecraft:iron_bars":15,"minecraft:cobblestone":98,"minecraft:leather_chestplate":1,"minecraft:iron_door":1,"minecraft:andesite":9,"minecraft:smoker":2,"minecraft:tuff":3,"minecraft:lapis_lazuli":129,"minecraft:dirt":128,"minecraft:leather_boots":1,"minecraft:bone":28,"minecraft:acacia_planks":6,"minecraft:bow":1,"minecraft:wheat_seeds":4,"minecraft:raw_gold":88,"minecraft:mossy_stone_bricks":2,"minecraft:fletching_table":1,"iceandfire:dragon_skull_fire":1,"minecraft:nether_brick_stairs":1,"minecraft:mossy_cobblestone":30,"alexsmobs:animal_dictionary":1,"minecraft:bundle":2,"minecraft:diamond":21,"minecraft:golden_apple":1,"minecraft:emerald":5,"minecraft:oak_sapling":1,"minecraft:netherrack":117,"minecraft:crafting_table":9,"iceandfire:witherbone":7,"minecraft:leather_leggings":4,"minecraft:wooden_pickaxe":1,"minecraft:gold_block":19,"minecraft:shield":1,"minecraft:red_bed":1,"minecraft:cracked_stone_bricks":1,"minecraft:beef":10,"immersive_melodies:trumpet":1,"minecraft:spruce_slab":1,"minecraft:sugar_cane":19,"minecraft:egg":3,"minecraft:raw_iron":144,"iceandfire:dragonbone":8,"iceandfire:dragonscales_gray":11,"bygonenether:cobbled_blackstone":2,"farmersdelight:tomato_seeds":1,"minecraft:redstone":34,"minecraft:stone_pressure_plate":1,"minecraft:tnt":3,"minecraft:arrow":10,"minecraft:nether_bricks":4,"minecraft:hay_block":59,"artifacts:cross_necklace":1,"minecraft:saddle":1,"minecraft:gold_ingot":5,"minecraft:mutton":12,"minecraft:white_wool":4,"minecraft:stripped_oak_log":2,"minecraft:air":0,"minecraft:glow_ink_sac":2,"minecraft:leather":5,"minecraft:blackstone_slab":1,"minecraft:oak_log":7,"minecraft:ancient_debris":4,"minecraft:yellow_bed":2,"minecraft:gunpowder":13,"minecraft:cobblestone_stairs":8,"minecraft:stone_bricks":6,"minecraft:stripped_oak_wood":1,"minecraft:soul_sand":3,"iceandfire:fire_dragon_flesh":3,"minecraft:iron_sword":1,"minecraft:book":51,"minecraft:dandelion":2,"minecraft:raw_iron_block":2,"minecraft:blast_furnace":4,"minecraft:white_bed":5,"minecraft:spruce_log":2,"mekanism:raw_osmium":1,"minecraft:spider_eye":4,"minecraft:stone_axe":1,"minecraft:chainmail_leggings":2,"minecraft:mossy_cobblestone_stairs":1,"tombstone:magic_scroll":3,"minecraft:black_wool":2,"minecraft:coal":43},"minecraft:custom":{"lootr:looted_stat":162,"minecraft:interact_with_crafting_table":26,"minecraft:bell_ring":4,"minecraft:leave_game":8,"minecraft:time_since_death":159117,"minecraft:damage_resisted":66,"minecraft:sprint_one_cm":764340,"minecraft:damage_blocked_by_shield":20,"minecraft:drop":293,"minecraft:play_noteblock":3,"minecraft:talked_to_villager":1,"minecraft:play_time":159117,"minecraft:jump":2723,"minecraft:walk_on_water_one_cm":14168,"minecraft:sleep_in_bed":1,"minecraft:waystone_activated":1,"minecraft:damage_dealt":36028,"minecraft:crouch_one_cm":39286,"tombstone:undead_killed":92,"tombstone:villager_killed":1,"minecraft:interact_with_smoker":3,"minecraft:horse_one_cm":18055,"minecraft:mob_kills":151,"minecraft:interact_with_anvil":6,"minecraft:damage_dealt_resisted":5004,"minecraft:climb_one_cm":7446,"minecraft:walk_one_cm":358412,"minecraft:sneak_time":11065,"minecraft:walk_under_water_one_cm":10068,"minecraft:interact_with_blast_furnace":3,"minecraft:total_world_time":159117,"tombstone:raider_killed":5,"minecraft:time_since_rest":56049,"minecraft:damage_taken":3654,"minecraft:damage_absorbed":683,"minecraft:trigger_trapped_chest":2,"minecraft:swim_one_cm":23588,"minecraft:fly_one_cm":580589,"minecraft:fall_one_cm":75706},"minecraft:killed":{"guardvillagers:guard":5,"minecraft:witch":1,"minecraft:spider":12,"minecraft:skeleton":19,"minecraft:magma_cube":2,"minecraft:creeper":8,"alexsmobs:crimson_mosquito":1,"minecraft:sheep":7,"minecraft:pillager":2,"minecraft:zombie":36,"minecraft:stray":5,"minecraft:ghast":1,"bygonenether:corpor":3,"minecraft:cow":4,"minecraft:vindicator":2,"iceandfire:fire_dragon":1,"bygonenether:wraither":8,"bygonenether:wither_skeleton_knight":4,"minecraft:husk":7,"quark:foxhound":1,"minecraft:wandering_trader":1,"iceandfire:ghost":2,"alexsmobs:gazelle":3,"minecraft:wither_skeleton":7,"bygonenether:wex":5,"quark:wraith":1},"minecraft:crafted":{"minecraft:oak_planks":31,"minecraft:cobblestone_slab":120,"minecraft:cooked_mutton":2,"quark:acacia_ladder":4,"minecraft:oak_fence":18,"minecraft:smoker":1,"sophisticatedbackpacks:backpack":1,"minecraft:diamond_axe":1,"minecraft:crafting_table":3,"minecraft:spruce_planks":2,"minecraft:wooden_pickaxe":1,"minecraft:stick":26,"quark:oak_chest":1,"minecraft:iron_ingot":9,"minecraft:iron_block":6,"minecraft:coal":4,"minecraft:furnace":2,"minecraft:iron_hoe":1,"minecraft:stone_pickaxe":1,"minecraft:diamond_boots":1,"minecraft:wheat":211,"sophisticatedbackpacks:iron_backpack":2,"sophisticatedbackpacks:gold_backpack":2,"minecraft:bucket":1,"minecraft:stone_axe":2,"minecraft:bread":57,"minecraft:air":471,"minecraft:anvil":2,"minecraft:acacia_planks":35},"minecraft:mined":{"minecraft:stone_pressure_plate":1,"minecraft:spruce_planks":5,"minecraft:blackstone_stairs":2,"minecraft:white_bed":5,"minecraft:cobblestone_stairs":8,"minecraft:brewing_stand":4,"minecraft:obsidian":16,"minecraft:acacia_log":21,"minecraft:grass_block":33,"minecraft:soul_soil":8,"minecraft:coal_block":11,"minecraft:spawner":43,"minecraft:polished_blackstone_bricks":1,"minecraft:raw_iron_block":2,"minecraft:mossy_cobblestone_stairs":2,"minecraft:iron_ore":14,"minecraft:fire":2,"minecraft:fletching_table":1,"minecraft:anvil":3,"minecraft:deepslate_lapis_ore":7,"minecraft:nether_brick_stairs":4,"minecraft:dirt_path":17,"minecraft:iron_bars":18,"minecraft:spruce_slab":1,"minecraft:deepslate_redstone_ore":6,"mekanism:osmium_ore":1,"minecraft:smoker":2,"minecraft:soul_fire":1,"minecraft:blast_furnace":4,"minecraft:cobblestone":9,"minecraft:sugar_cane":12,"minecraft:iron_door":1,"minecraft:wall_torch":4,"minecraft:seagrass":1,"bygonenether:cobbled_blackstone":2,"minecraft:stripped_oak_wood":1,"minecraft:tnt":3,"minecraft:stone_brick_stairs":1,"minecraft:smooth_stone_slab":4,"minecraft:grass":20,"minecraft:oak_log":7,"minecraft:sand":1,"minecraft:dirt":78,"minecraft:netherrack":124,"minecraft:ancient_debris":4,"minecraft:oak_leaves":1,"minecraft:deepslate":26,"minecraft:crying_obsidian":1,"minecraft:tuff":3,"minecraft:mossy_cobblestone":11,"minecraft:deepslate_diamond_ore":14,"farmersdelight:wild_carrots":1,"minecraft:nether_bricks":4,"minecraft:cartography_table":1,"minecraft:hay_block":59,"minecraft:andesite":10,"minecraft:gold_block":19,"minecraft:bookshelf":17,"minecraft:cobblestone_slab":4,"minecraft:deepslate_iron_ore":68,"minecraft:vine":4,"minecraft:stripped_oak_log":2,"minecraft:stone":109,"minecraft:acacia_leaves":1,"minecraft:soul_sand":3,"minecraft:dandelion":1,"minecraft:oak_fence":26,"minecraft:crafting_table":10,"minecraft:blackstone_slab":1,"minecraft:tall_grass":1,"minecraft:lapis_ore":3,"minecraft:deepslate_gold_ore":50,"minecraft:diorite":1,"minecraft:yellow_bed":2,"minecraft:coal_ore":33,"minecraft:cracked_stone_bricks":10,"minecraft:acacia_planks":3,"minecraft:stone_bricks":11,"minecraft:mossy_stone_bricks":3},"minecraft:dropped":{"minecraft:iron_sword":1,"minecraft:soul_sand":3,"minecraft:glow_ink_sac":2,"minecraft:glass_bottle":2,"minecraft:cracked_stone_bricks":1,"minecraft:blackstone_stairs":1,"minecraft:cobblestone_stairs":8,"minecraft:dirt":70,"minecraft:bone":1,"minecraft:stone_axe":1,"alexsmobs:gazelle_horn":2,"alexsmobs:animal_dictionary":1,"aether:golden_gloves":2,"minecraft:wheat":199,"minecraft:rotten_flesh":22,"minecraft:chainmail_chestplate":2,"minecraft:leather_chestplate":1,"alexsmobs:blood_sac":1,"minecraft:tipped_arrow":2,"minecraft:gunpowder":5,"apotheosis:gem":2,"minecraft:leather_leggings":2,"minecraft:spruce_slab":1,"minecraft:blackstone_slab":1,"minecraft:iron_bars":3,"minecraft:arrow":2,"minecraft:crying_obsidian":1,"minecraft:netherrack":2,"farmersdelight:tomato_seeds":1,"minecraft:enchanted_book":1,"minecraft:wheat_seeds":4,"minecraft:mossy_cobblestone":26,"minecraft:oak_fence":11,"minecraft:cobblestone":2,"minecraft:spruce_stairs":1,"bygonenether:cobbled_blackstone":2,"minecraft:wooden_axe":1,"tombstone:grave_dust":17,"minecraft:potion":1,"minecraft:iron_leggings":1,"minecraft:chainmail_leggings":1,"iceandfire:dragon_skull_fire":1,"minecraft:dandelion":2,"minecraft:soul_soil":3,"minecraft:smooth_stone_slab":2,"iceandfire:witherbone":7,"minecraft:iron_boots":2,"minecraft:cobblestone_slab":17,"minecraft:shield":1,"iceandfire:copper_sword":1,"aether:iron_gloves":1,"aether:chainmail_gloves":1,"minecraft:bundle":1,"minecraft:oak_sapling":1,"minecraft:stone_pressure_plate":1,"minecraft:stone_bricks":3,"minecraft:bow":1,"minecraft:wooden_pickaxe":2},"minecraft:broken":{"minecraft:stone_axe":1,"minecraft:iron_axe":1}},"DataVersion":3465}