{"stats":{"minecraft:used":{"minecraft:iron_bars":4,"minecraft:oak_fence":37,"minecraft:flint_and_steel":1,"minecraft:spruce_planks":2,"minecraft:shield":1,"lootr:trophy":1,"minecraft:netherrack":115,"minecraft:dirt":26,"minecraft:anvil":3,"iceandfire:copper_sword":5,"minecraft:tuff":3,"minecraft:obsidian":6,"minecraft:iron_hoe":59,"minecraft:iron_axe":324,"minecraft:iron_boots":1,"minecraft:diamond_chestplate":1,"quark:acacia_ladder":4,"minecraft:bow":1,"minecraft:soul_soil":2,"minecraft:cobbled_deepslate":8,"minecraft:egg":3,"minecraft:cooked_beef":14,"minecraft:acacia_planks":20,"minecraft:cooked_mutton":2,"minecraft:water_bucket":6,"minecraft:diorite":1,"minecraft:diamond_boots":1,"minecraft:stone_pickaxe":72,"minecraft:wooden_pickaxe":3,"minecraft:diamond_axe":35,"minecraft:cobblestone_slab":105,"minecraft:golden_apple":17,"minecraft:mossy_cobblestone":2,"minecraft:crafting_table":11,"minecraft:blast_furnace":1,"minecraft:white_bed":5,"minecraft:smoker":1,"minecraft:diamond_pickaxe":471,"minecraft:firework_rocket":5,"minecraft:diamond_shovel":124,"minecraft:bread":42,"minecraft:iron_pickaxe":36,"minecraft:iron_door":1,"tombstone:magic_scroll":1,"minecraft:stone_axe":84,"minecraft:cobblestone":33,"minecraft:bucket":8,"minecraft:yellow_bed":2},"minecraft:picked_up":{"minecraft:wooden_axe":1,"minecraft:crafting_table":9,"minecraft:wheat":7,"iceandfire:witherbone":7,"minecraft:anvil":3,"minecraft:leather_leggings":4,"minecraft:wooden_pickaxe":1,"minecraft:gold_block":19,"minecraft:potion":1,"minecraft:brewing_stand":4,"alexsmobs:gazelle_horn":2,"minecraft:string":10,"minecraft:red_bed":1,"minecraft:soul_soil":5,"minecraft:smooth_stone_slab":2,"minecraft:iron_leggings":1,"minecraft:cracked_stone_bricks":1,"alexsmobs:blood_sac":1,"minecraft:cobbled_deepslate":13,"minecraft:spruce_planks":5,"minecraft:beef":10,"minecraft:cobblestone_slab":2,"immersive_melodies:trumpet":1,"minecraft:spruce_slab":1,"minecraft:coal_block":12,"minecraft:sugar_cane":19,"minecraft:tipped_arrow":4,"minecraft:iron_boots":1,"minecraft:egg":3,"iceandfire:dragonbone":8,"minecraft:stick":2,"minecraft:raw_iron":79,"apotheosis:gem":12,"iceandfire:dragonscales_gray":11,"bygonenether:cobbled_blackstone":2,"minecraft:oak_fence":30,"minecraft:torch":11,"minecraft:acacia_log":21,"minecraft:spruce_stairs":1,"farmersdelight:tomato_seeds":1,"minecraft:diorite":1,"tombstone:grave_dust":24,"aether:golden_gloves":1,"minecraft:stone_pressure_plate":1,"minecraft:tnt":3,"minecraft:arrow":10,"minecraft:rotten_flesh":25,"minecraft:nether_bricks":4,"minecraft:hay_block":59,"iceandfire:fire_dragon_heart":1,"artifacts:cross_necklace":1,"minecraft:saddle":1,"minecraft:iron_bars":13,"minecraft:blackstone_stairs":1,"minecraft:obsidian":16,"minecraft:mutton":12,"minecraft:white_wool":4,"minecraft:cobblestone":96,"minecraft:stripped_oak_log":2,"minecraft:leather_chestplate":1,"minecraft:air":0,"minecraft:iron_door":1,"minecraft:andesite":9,"minecraft:leather":5,"minecraft:blackstone_slab":1,"minecraft:smoker":2,"minecraft:tuff":3,"minecraft:oak_log":7,"minecraft:ancient_debris":4,"minecraft:gunpowder":8,"minecraft:yellow_bed":2,"minecraft:cobblestone_stairs":8,"minecraft:lapis_lazuli":27,"minecraft:dirt":128,"minecraft:leather_boots":1,"minecraft:bone":27,"minecraft:acacia_planks":6,"minecraft:stone_bricks":4,"minecraft:bow":1,"minecraft:wheat_seeds":4,"minecraft:raw_gold":24,"minecraft:stripped_oak_wood":1,"minecraft:fletching_table":1,"iceandfire:fire_dragon_flesh":3,"minecraft:iron_sword":1,"minecraft:soul_sand":3,"minecraft:book":51,"minecraft:raw_iron_block":1,"minecraft:dandelion":2,"minecraft:nether_brick_stairs":1,"iceandfire:dragon_skull_fire":1,"minecraft:spider_eye":1,"minecraft:spruce_log":2,"minecraft:blast_furnace":4,"minecraft:white_bed":5,"mekanism:raw_osmium":1,"minecraft:mossy_cobblestone":30,"alexsmobs:animal_dictionary":1,"minecraft:bundle":2,"minecraft:diamond":10,"minecraft:stone_axe":1,"minecraft:chainmail_leggings":2,"minecraft:golden_apple":1,"minecraft:emerald":2,"minecraft:netherrack":117,"tombstone:magic_scroll":1,"minecraft:oak_sapling":1,"minecraft:black_wool":2,"minecraft:coal":42},"minecraft:custom":{"lootr:looted_stat":154,"minecraft:interact_with_anvil":6,"minecraft:mob_kills":126,"minecraft:interact_with_crafting_table":26,"minecraft:bell_ring":4,"minecraft:damage_dealt_resisted":493,"minecraft:leave_game":8,"minecraft:time_since_death":139279,"minecraft:climb_one_cm":6868,"minecraft:damage_resisted":31,"minecraft:sprint_one_cm":665558,"minecraft:walk_one_cm":300793,"minecraft:damage_blocked_by_shield":20,"minecraft:drop":284,"minecraft:play_noteblock":3,"minecraft:play_time":139279,"minecraft:sneak_time":10377,"minecraft:walk_under_water_one_cm":4935,"minecraft:jump":2226,"minecraft:interact_with_blast_furnace":3,"minecraft:walk_on_water_one_cm":8782,"minecraft:total_world_time":139279,"tombstone:raider_killed":4,"minecraft:sleep_in_bed":1,"minecraft:time_since_rest":36211,"minecraft:waystone_activated":1,"minecraft:damage_absorbed":644,"minecraft:damage_taken":3215,"minecraft:trigger_trapped_chest":2,"minecraft:damage_dealt":30225,"minecraft:swim_one_cm":13341,"minecraft:fly_one_cm":490951,"minecraft:crouch_one_cm":37436,"tombstone:undead_killed":76,"minecraft:interact_with_smoker":3,"minecraft:fall_one_cm":64250,"minecraft:horse_one_cm":18055},"minecraft:crafted":{"minecraft:oak_planks":31,"minecraft:cobblestone_slab":120,"minecraft:coal":4,"minecraft:furnace":2,"quark:acacia_ladder":4,"minecraft:cooked_mutton":2,"minecraft:iron_hoe":1,"minecraft:stone_pickaxe":1,"minecraft:diamond_boots":1,"minecraft:oak_fence":18,"minecraft:smoker":1,"sophisticatedbackpacks:iron_backpack":2,"minecraft:wheat":211,"sophisticatedbackpacks:backpack":1,"minecraft:diamond_axe":1,"minecraft:crafting_table":3,"minecraft:spruce_planks":2,"minecraft:wooden_pickaxe":1,"sophisticatedbackpacks:gold_backpack":2,"minecraft:bucket":1,"minecraft:stone_axe":2,"minecraft:bread":57,"minecraft:air":471,"minecraft:stick":26,"quark:oak_chest":1,"minecraft:iron_ingot":9,"minecraft:iron_block":6,"minecraft:anvil":2,"minecraft:acacia_planks":35},"minecraft:killed":{"guardvillagers:guard":5,"minecraft:spider":8,"minecraft:vindicator":2,"minecraft:skeleton":16,"iceandfire:fire_dragon":1,"bygonenether:wraither":8,"bygonenether:wither_skeleton_knight":4,"minecraft:magma_cube":2,"minecraft:husk":7,"quark:foxhound":1,"minecraft:creeper":5,"alexsmobs:crimson_mosquito":1,"minecraft:sheep":7,"minecraft:pillager":2,"minecraft:zombie":24,"iceandfire:ghost":2,"minecraft:stray":5,"alexsmobs:gazelle":3,"minecraft:ghast":1,"minecraft:wither_skeleton":6,"bygonenether:wex":5,"quark:wraith":1,"bygonenether:corpor":3,"minecraft:cow":4},"minecraft:mined":{"minecraft:stone_pressure_plate":1,"minecraft:white_bed":5,"minecraft:crying_obsidian":1,"minecraft:spruce_planks":5,"minecraft:blackstone_stairs":2,"minecraft:mossy_cobblestone":10,"minecraft:deepslate_diamond_ore":6,"minecraft:cobblestone_stairs":8,"farmersdelight:wild_carrots":1,"minecraft:brewing_stand":4,"minecraft:obsidian":16,"minecraft:nether_bricks":4,"minecraft:acacia_log":21,"minecraft:grass_block":33,"minecraft:coal_block":11,"minecraft:soul_soil":8,"minecraft:cartography_table":1,"minecraft:spawner":37,"minecraft:hay_block":59,"minecraft:polished_blackstone_bricks":1,"minecraft:raw_iron_block":1,"minecraft:iron_ore":14,"minecraft:andesite":10,"minecraft:anvil":3,"minecraft:fletching_table":1,"minecraft:nether_brick_stairs":2,"minecraft:gold_block":19,"minecraft:bookshelf":17,"minecraft:dirt_path":17,"minecraft:vine":4,"minecraft:deepslate_iron_ore":33,"minecraft:cobblestone_slab":4,"minecraft:iron_bars":16,"minecraft:stripped_oak_log":2,"minecraft:stone":109,"minecraft:spruce_slab":1,"minecraft:acacia_leaves":1,"mekanism:osmium_ore":1,"minecraft:soul_sand":3,"minecraft:smoker":2,"minecraft:soul_fire":1,"minecraft:dandelion":1,"minecraft:oak_fence":26,"minecraft:crafting_table":10,"minecraft:blackstone_slab":1,"minecraft:blast_furnace":4,"minecraft:tall_grass":1,"minecraft:cobblestone":8,"minecraft:deepslate_gold_ore":12,"minecraft:diorite":1,"minecraft:lapis_ore":3,"minecraft:iron_door":1,"minecraft:sugar_cane":12,"minecraft:wall_torch":4,"minecraft:seagrass":1,"bygonenether:cobbled_blackstone":2,"minecraft:stripped_oak_wood":1,"minecraft:tnt":3,"minecraft:yellow_bed":2,"minecraft:smooth_stone_slab":4,"minecraft:grass":20,"minecraft:oak_log":7,"minecraft:coal_ore":33,"minecraft:dirt":78,"minecraft:sand":1,"minecraft:cracked_stone_bricks":7,"minecraft:stone_bricks":9,"minecraft:acacia_planks":3,"minecraft:ancient_debris":4,"minecraft:netherrack":124,"minecraft:oak_leaves":1,"minecraft:deepslate":13,"minecraft:tuff":3},"minecraft:dropped":{"farmersdelight:tomato_seeds":1,"minecraft:enchanted_book":1,"minecraft:iron_sword":1,"minecraft:soul_sand":3,"minecraft:wheat_seeds":4,"minecraft:mossy_cobblestone":26,"minecraft:oak_fence":11,"minecraft:cracked_stone_bricks":1,"minecraft:spruce_stairs":1,"minecraft:blackstone_stairs":1,"minecraft:cobblestone_stairs":8,"minecraft:dirt":70,"bygonenether:cobbled_blackstone":2,"minecraft:wooden_axe":1,"tombstone:grave_dust":13,"minecraft:potion":1,"minecraft:iron_leggings":1,"minecraft:chainmail_leggings":1,"minecraft:bone":1,"iceandfire:dragon_skull_fire":1,"minecraft:dandelion":2,"minecraft:stone_axe":1,"minecraft:soul_soil":3,"alexsmobs:gazelle_horn":2,"alexsmobs:animal_dictionary":1,"minecraft:smooth_stone_slab":2,"aether:golden_gloves":2,"minecraft:wheat":199,"iceandfire:witherbone":7,"minecraft:rotten_flesh":18,"minecraft:iron_boots":2,"minecraft:chainmail_chestplate":2,"minecraft:leather_chestplate":1,"minecraft:cobblestone_slab":17,"alexsmobs:blood_sac":1,"minecraft:tipped_arrow":2,"minecraft:shield":1,"minecraft:gunpowder":5,"iceandfire:copper_sword":1,"aether:iron_gloves":1,"aether:chainmail_gloves":1,"minecraft:bundle":1,"apotheosis:gem":2,"minecraft:oak_sapling":1,"minecraft:leather_leggings":2,"minecraft:stone_pressure_plate":1,"minecraft:stone_bricks":1,"minecraft:spruce_slab":1,"minecraft:blackstone_slab":1,"minecraft:iron_bars":3,"minecraft:bow":1,"minecraft:arrow":2,"minecraft:wooden_pickaxe":2,"minecraft:crying_obsidian":1,"minecraft:netherrack":2},"minecraft:broken":{"minecraft:iron_axe":1,"minecraft:stone_axe":1}},"DataVersion":3465}