{"stats":{"minecraft:picked_up":{"minecraft:wooden_axe":1,"minecraft:crafting_table":6,"iceandfire:witherbone":7,"minecraft:anvil":1,"minecraft:wooden_pickaxe":1,"minecraft:gold_block":19,"minecraft:potion":1,"minecraft:brewing_stand":2,"alexsmobs:gazelle_horn":2,"minecraft:string":1,"minecraft:red_bed":1,"minecraft:soul_soil":5,"minecraft:smooth_stone_slab":2,"alexsmobs:blood_sac":1,"minecraft:cobbled_deepslate":1,"minecraft:beef":10,"minecraft:cobblestone_slab":2,"immersive_melodies:trumpet":1,"minecraft:coal_block":12,"minecraft:sugar_cane":15,"minecraft:egg":2,"minecraft:iron_boots":1,"iceandfire:dragonbone":8,"apotheosis:gem":2,"minecraft:raw_iron":12,"iceandfire:dragonscales_gray":11,"bygonenether:cobbled_blackstone":2,"minecraft:torch":4,"minecraft:acacia_log":21,"tombstone:grave_dust":8,"aether:golden_gloves":1,"minecraft:rotten_flesh":6,"minecraft:arrow":1,"minecraft:nether_bricks":4,"iceandfire:fire_dragon_heart":1,"artifacts:cross_necklace":1,"minecraft:saddle":1,"minecraft:blackstone_stairs":1,"minecraft:obsidian":16,"minecraft:mutton":2,"minecraft:cobblestone":89,"minecraft:air":0,"minecraft:andesite":9,"minecraft:leather":5,"minecraft:blackstone_slab":1,"minecraft:smoker":2,"minecraft:ancient_debris":4,"minecraft:lapis_lazuli":7,"minecraft:dirt":5,"minecraft:leather_boots":1,"minecraft:bone":17,"minecraft:acacia_planks":6,"minecraft:wheat_seeds":1,"iceandfire:fire_dragon_flesh":3,"minecraft:soul_sand":3,"minecraft:dandelion":1,"iceandfire:dragon_skull_fire":1,"minecraft:blast_furnace":4,"mekanism:raw_osmium":1,"alexsmobs:animal_dictionary":1,"minecraft:stone_axe":1,"minecraft:golden_apple":1,"minecraft:emerald":2,"tombstone:magic_scroll":1,"minecraft:netherrack":117,"minecraft:coal":42},"minecraft:used":{"minecraft:flint_and_steel":1,"minecraft:shield":1,"lootr:trophy":1,"minecraft:netherrack":115,"minecraft:anvil":1,"iceandfire:copper_sword":5,"minecraft:obsidian":5,"minecraft:iron_axe":153,"minecraft:iron_boots":1,"minecraft:diamond_chestplate":1,"minecraft:soul_soil":2,"minecraft:egg":2,"minecraft:cooked_beef":2,"minecraft:acacia_planks":20,"minecraft:cooked_mutton":2,"minecraft:water_bucket":3,"minecraft:diamond_boots":1,"minecraft:stone_pickaxe":72,"minecraft:wooden_pickaxe":3,"minecraft:cobblestone_slab":105,"minecraft:golden_apple":16,"minecraft:crafting_table":7,"minecraft:smoker":1,"minecraft:diamond_pickaxe":299,"minecraft:bread":39,"minecraft:iron_pickaxe":10,"tombstone:magic_scroll":1,"minecraft:stone_axe":84,"minecraft:cobblestone":26,"minecraft:bucket":4},"minecraft:killed":{"minecraft:spider":1,"minecraft:vindicator":2,"minecraft:skeleton":3,"iceandfire:fire_dragon":1,"bygonenether:wraither":8,"bygonenether:wither_skeleton_knight":4,"minecraft:magma_cube":2,"minecraft:husk":7,"quark:foxhound":1,"alexsmobs:crimson_mosquito":1,"minecraft:sheep":1,"minecraft:pillager":2,"iceandfire:ghost":2,"alexsmobs:gazelle":3,"minecraft:ghast":1,"minecraft:wither_skeleton":6,"bygonenether:wex":5,"quark:wraith":1,"bygonenether:corpor":3,"minecraft:cow":4},"minecraft:mined":{"minecraft:crying_obsidian":1,"minecraft:blackstone_stairs":2,"minecraft:brewing_stand":2,"minecraft:obsidian":16,"minecraft:nether_bricks":4,"minecraft:acacia_log":21,"minecraft:grass_block":2,"minecraft:soul_soil":8,"minecraft:coal_block":11,"minecraft:spawner":4,"minecraft:polished_blackstone_bricks":1,"minecraft:iron_ore":9,"minecraft:andesite":10,"minecraft:anvil":1,"minecraft:gold_block":19,"minecraft:deepslate_iron_ore":3,"minecraft:cobblestone_slab":4,"minecraft:vine":1,"minecraft:stone":96,"minecraft:acacia_leaves":1,"mekanism:osmium_ore":1,"minecraft:soul_sand":3,"minecraft:smoker":2,"minecraft:soul_fire":1,"minecraft:crafting_table":7,"minecraft:blackstone_slab":1,"minecraft:blast_furnace":4,"minecraft:tall_grass":1,"minecraft:lapis_ore":1,"minecraft:sugar_cane":8,"minecraft:wall_torch":3,"minecraft:seagrass":1,"bygonenether:cobbled_blackstone":2,"minecraft:smooth_stone_slab":4,"minecraft:grass":3,"minecraft:coal_ore":33,"minecraft:sand":1,"minecraft:dirt":3,"minecraft:acacia_planks":3,"minecraft:netherrack":124,"minecraft:ancient_debris":4,"minecraft:deepslate":1},"minecraft:crafted":{"minecraft:cobblestone_slab":120,"minecraft:coal":3,"minecraft:furnace":2,"minecraft:cooked_mutton":2,"minecraft:stone_pickaxe":1,"minecraft:diamond_boots":1,"minecraft:smoker":1,"sophisticatedbackpacks:iron_backpack":1,"minecraft:crafting_table":2,"minecraft:wooden_pickaxe":1,"sophisticatedbackpacks:gold_backpack":1,"minecraft:bucket":1,"minecraft:stone_axe":2,"minecraft:air":77,"minecraft:stick":5,"minecraft:iron_block":3,"minecraft:anvil":1,"minecraft:acacia_planks":35},"minecraft:custom":{"lootr:looted_stat":103,"minecraft:interact_with_anvil":3,"minecraft:mob_kills":59,"minecraft:interact_with_crafting_table":15,"minecraft:damage_dealt_resisted":493,"minecraft:leave_game":3,"minecraft:time_since_death":90142,"minecraft:climb_one_cm":4384,"minecraft:damage_resisted":0,"minecraft:sprint_one_cm":452848,"minecraft:walk_one_cm":152807,"minecraft:damage_blocked_by_shield":20,"minecraft:drop":42,"minecraft:play_noteblock":3,"minecraft:play_time":90142,"minecraft:sneak_time":8581,"minecraft:walk_under_water_one_cm":1314,"minecraft:jump":1589,"minecraft:walk_on_water_one_cm":5772,"minecraft:total_world_time":90142,"tombstone:raider_killed":4,"minecraft:time_since_rest":90142,"minecraft:damage_absorbed":603,"minecraft:damage_taken":2371,"minecraft:trigger_trapped_chest":2,"minecraft:damage_dealt":18740,"minecraft:swim_one_cm":9528,"minecraft:fly_one_cm":345805,"minecraft:crouch_one_cm":32057,"tombstone:undead_killed":34,"minecraft:interact_with_smoker":3,"minecraft:fall_one_cm":46223,"minecraft:horse_one_cm":18055},"minecraft:broken":{"minecraft:stone_axe":1},"minecraft:dropped":{"minecraft:enchanted_book":1,"minecraft:soul_sand":3,"minecraft:wheat_seeds":1,"minecraft:blackstone_stairs":1,"minecraft:dirt":5,"bygonenether:cobbled_blackstone":2,"minecraft:wooden_axe":1,"tombstone:grave_dust":8,"minecraft:potion":1,"minecraft:dandelion":1,"minecraft:stone_axe":1,"minecraft:soul_soil":3,"alexsmobs:gazelle_horn":2,"alexsmobs:animal_dictionary":1,"minecraft:smooth_stone_slab":2,"aether:golden_gloves":2,"iceandfire:witherbone":7,"minecraft:rotten_flesh":11,"minecraft:iron_boots":2,"minecraft:chainmail_chestplate":2,"minecraft:cobblestone_slab":17,"alexsmobs:blood_sac":1,"minecraft:gunpowder":5,"iceandfire:copper_sword":1,"aether:chainmail_gloves":1,"apotheosis:gem":2,"minecraft:blackstone_slab":1,"minecraft:arrow":1,"minecraft:wooden_pickaxe":2,"minecraft:crying_obsidian":1,"minecraft:netherrack":2}},"DataVersion":3465}