{
  "iceandfire:iceandfire/root": {
    "criteria": {
      "tick": "2024-07-12 05:14:49 +0000"
    },
    "done": true
  },
  "toms_storage:unlock_glowstone": {
    "criteria": {
      "inv_changed-glowstone": "2024-07-12 05:14:49 +0000"
    },
    "done": true
  },
  "dungeons_arise:wda_root": {
    "criteria": {
      "WDA": "2024-07-12 05:14:49 +0000"
    },
    "done": true
  },
  "farmersdelight:main/root": {
    "criteria": {
      "seeds": "2024-07-12 05:14:49 +0000"
    },
    "done": true
  },
  "create:root": {
    "criteria": {
      "0": "2024-07-12 05:14:49 +0000"
    },
    "done": true
  },
  "toms_storage:unlock_dia_pearl": {
    "criteria": {
      "inv_changed-ender_pearl": "2024-07-12 05:14:49 +0000",
      "inv_changed-diamond": "2024-07-12 05:14:49 +0000"
    },
    "done": true
  },
  "ironfurnaces:coal": {
    "criteria": {
      "rainbowcoal": "2024-07-12 05:14:49 +0000"
    },
    "done": true
  },
  "mekanism:root": {
    "criteria": {
      "automatic": "2024-07-12 05:14:49 +0000"
    },
    "done": true
  },
  "toms_storage:unlock_netherite": {
    "criteria": {
      "inv_changed-netherite": "2024-07-12 05:14:49 +0000"
    },
    "done": true
  },
  "mowziesmobs:root": {
    "criteria": {
      "custom_test_name": "2024-07-12 05:14:49 +0000"
    },
    "done": true
  },
  "lootr:root": {
    "criteria": {
      "always_true": "2024-07-12 05:14:49 +0000"
    },
    "done": true
  },
  "toms_storage:unlock_chest": {
    "criteria": {
      "inv_changed-chest": "2024-07-12 05:14:49 +0000"
    },
    "done": true
  },
  "cataclysm:root": {
    "criteria": {
      "custom_test_name": "2024-07-12 05:14:49 +0000"
    },
    "done": true
  },
  "minecraft:adventure/adventuring_time": {
    "criteria": {
      "minecraft:snowy_slopes": "2024-07-12 06:36:10 +0000",
      "minecraft:mushroom_fields": "2024-07-16 03:19:58 +0000",
      "minecraft:taiga": "2024-07-13 03:04:24 +0000",
      "minecraft:cherry_grove": "2024-07-12 05:44:00 +0000",
      "minecraft:sunflower_plains": "2024-07-12 05:30:24 +0000",
      "minecraft:birch_forest": "2024-07-13 05:46:06 +0000",
      "minecraft:beach": "2024-07-13 03:14:20 +0000",
      "minecraft:river": "2024-07-12 05:23:39 +0000",
      "minecraft:stony_shore": "2024-07-12 05:14:51 +0000",
      "minecraft:dripstone_caves": "2024-07-12 05:48:31 +0000",
      "minecraft:jagged_peaks": "2024-07-13 04:54:36 +0000",
      "minecraft:cold_ocean": "2024-07-13 04:33:19 +0000",
      "minecraft:forest": "2024-07-12 06:35:59 +0000",
      "minecraft:deep_cold_ocean": "2024-07-16 03:18:17 +0000",
      "minecraft:flower_forest": "2024-07-12 06:22:23 +0000",
      "minecraft:old_growth_birch_forest": "2024-07-13 05:09:03 +0000",
      "minecraft:meadow": "2024-07-13 04:45:09 +0000",
      "minecraft:savanna": "2024-07-12 05:15:34 +0000",
      "minecraft:plains": "2024-07-12 05:35:00 +0000"
    },
    "done": false
  },
  "tombstone:adventure/root": {
    "criteria": {
      "auto": "2024-07-12 05:14:51 +0000"
    },
    "done": true
  },
  "apotheosis:affix/gem": {
    "criteria": {
      "gem": "2024-07-12 05:16:25 +0000"
    },
    "done": true
  },
  "apotheosis:affix/rare_gem": {
    "criteria": {
      "gem": "2024-07-12 05:16:25 +0000"
    },
    "done": true
  },
  "lootr:1chest": {
    "criteria": {
      "opened_chest": "2024-07-12 05:16:38 +0000"
    },
    "done": true
  },
  "lootr:social": {
    "criteria": {
      "opened_barrel": "2024-07-13 05:25:30 +0000",
      "opened_chest": "2024-07-12 05:16:38 +0000"
    },
    "done": false
  },
  "minecraft:story/obtain_armor": {
    "criteria": {
      "iron_chestplate": "2024-07-12 05:16:39 +0000"
    },
    "done": true
  },
  "apotheosis:affix/rare": {
    "criteria": {
      "sword": "2024-07-12 05:16:39 +0000"
    },
    "done": true
  },
  "apotheosis:affix/root": {
    "criteria": {
      "sword": "2024-07-12 05:16:39 +0000"
    },
    "done": true
  },
  "apotheosis:affix/chests": {
    "criteria": {
      "sword": "2024-07-12 05:16:39 +0000"
    },
    "done": true
  },
  "minecraft:story/smelt_iron": {
    "criteria": {
      "iron": "2024-07-12 05:16:40 +0000"
    },
    "done": true
  },
  "apotheosis:affix/random": {
    "criteria": {
      "sword": "2024-07-12 05:21:13 +0000"
    },
    "done": true
  },
  "tombstone:adventure/first_grave": {
    "criteria": {
      "coded_trigger": "2024-07-12 05:22:56 +0000"
    },
    "done": true
  },
  "minecraft:adventure/root": {
    "criteria": {
      "killed_by_something": "2024-07-12 05:22:56 +0000"
    },
    "done": true
  },
  "tombstone:recipes/from_grave_key": {
    "criteria": {
      "has_ingredient": "2024-07-12 05:23:16 +0000"
    },
    "done": true
  },
  "dungeons_arise:find_small_blimp": {
    "criteria": {
      "location0": "2024-07-12 05:24:23 +0000"
    },
    "done": true
  },
  "tombstone:adventure/create_magic_scroll": {
    "criteria": {
      "has_magic_scroll": "2024-07-12 05:26:58 +0000"
    },
    "done": true
  },
  "tombstone:adventure/find_grave_dust": {
    "criteria": {
      "from_undead": "2024-07-12 05:27:23 +0000"
    },
    "done": true
  },
  "minecraft:adventure/kill_all_mobs": {
    "criteria": {
      "minecraft:pillager": "2024-07-13 03:11:51 +0000",
      "minecraft:blaze": "2024-07-16 04:22:51 +0000",
      "minecraft:skeleton": "2024-07-12 05:27:23 +0000",
      "minecraft:vindicator": "2024-07-13 03:12:10 +0000",
      "minecraft:magma_cube": "2024-07-13 04:03:18 +0000",
      "minecraft:spider": "2024-07-12 05:48:05 +0000",
      "minecraft:creeper": "2024-07-12 05:49:39 +0000",
      "minecraft:phantom": "2024-07-16 20:16:48 +0000",
      "minecraft:witch": "2024-07-12 05:33:25 +0000",
      "minecraft:wither_skeleton": "2024-07-12 06:03:13 +0000",
      "quark:wraith": "2024-07-13 04:08:13 +0000",
      "minecraft:piglin": "2024-07-16 23:29:50 +0000",
      "minecraft:stray": "2024-07-12 06:05:19 +0000",
      "minecraft:enderman": "2024-07-16 04:27:40 +0000",
      "minecraft:zombie": "2024-07-12 05:30:07 +0000",
      "quark:foxhound": "2024-07-13 04:08:08 +0000"
    },
    "done": false
  },
  "minecraft:adventure/kill_a_mob": {
    "criteria": {
      "minecraft:skeleton": "2024-07-12 05:27:23 +0000"
    },
    "done": true
  },
  "tombstone:recipes/from_grave_dust": {
    "criteria": {
      "has_ingredient": "2024-07-12 05:27:23 +0000"
    },
    "done": true
  },
  "minecraft:story/iron_tools": {
    "criteria": {
      "iron_pickaxe": "2024-07-12 05:32:08 +0000"
    },
    "done": true
  },
  "minecraft:husbandry/balanced_diet": {
    "criteria": {
      "cooked_beef": "2024-07-12 05:50:35 +0000",
      "baked_potato": "2024-07-13 06:05:23 +0000",
      "bread": "2024-07-13 04:01:45 +0000",
      "golden_apple": "2024-07-13 04:35:22 +0000",
      "rotten_flesh": "2024-07-12 05:32:37 +0000",
      "golden_carrot": "2024-07-12 06:28:08 +0000",
      "cooked_chicken": "2024-07-12 05:45:25 +0000",
      "carrot": "2024-07-12 05:35:47 +0000"
    },
    "done": false
  },
  "minecraft:husbandry/root": {
    "criteria": {
      "consumed_item": "2024-07-12 05:32:37 +0000"
    },
    "done": true
  },
  "tombstone:adventure/ambush": {
    "criteria": {
      "coded_trigger": "2024-07-12 05:33:25 +0000"
    },
    "done": true
  },
  "tombstone:adventure/first_knowledge": {
    "criteria": {
      "coded_trigger": "2024-07-12 05:33:25 +0000"
    },
    "done": true
  },
  "apotheosis:affix/boss": {
    "criteria": {
      "sword": "2024-07-12 05:39:23 +0000"
    },
    "done": true
  },
  "lootr:10loot": {
    "criteria": {
      "loot_stat": "2024-07-12 05:42:08 +0000"
    },
    "done": true
  },
  "minecraft:story/mine_diamond": {
    "criteria": {
      "diamond": "2024-07-12 05:44:47 +0000"
    },
    "done": true
  },
  "lootr:25loot": {
    "criteria": {
      "loot_stat": "2024-07-12 05:47:14 +0000"
    },
    "done": true
  },
  "tombstone:adventure/ashes_and_bones": {
    "criteria": {
      "coded_trigger": "2024-07-12 06:02:25 +0000"
    },
    "done": true
  },
  "lootr:50loot": {
    "criteria": {
      "loot_stat": "2024-07-12 06:07:53 +0000"
    },
    "done": true
  },
  "minecraft:story/shiny_gear": {
    "criteria": {
      "diamond_chestplate": "2024-07-12 06:16:48 +0000"
    },
    "done": true
  },
  "tombstone:adventure/create_magic_tablet": {
    "criteria": {
      "has_magic_tablet": "2024-07-12 06:30:37 +0000"
    },
    "done": true
  },
  "artifacts:amateur_archaeologist": {
    "criteria": {
      "find_artifact": "2024-07-12 06:31:01 +0000"
    },
    "done": true
  },
  "alexsmobs:alexsmobs/seagull_steal": {
    "criteria": {
      "ex": "2024-07-12 06:31:59 +0000"
    },
    "done": true
  },
  "iceandfire:iceandfire/kill_ghost": {
    "criteria": {
      "killed_fire_dragon": "2024-07-12 06:32:33 +0000"
    },
    "done": true
  },
  "nova_structures:root": {
    "criteria": {
      "nova_structures:adventure/find_tavern": "2024-07-12 17:20:49 +0000"
    },
    "done": true
  },
  "nova_structures:adventure/find_tavern": {
    "criteria": {
      "nova_structures:tavern_oak": "2024-07-12 17:20:49 +0000"
    },
    "done": true
  },
  "nova_structures:adventure/tavern_quest": {
    "criteria": {
      "open_tavern_chest": "2024-07-12 17:21:15 +0000"
    },
    "done": true
  },
  "dungeons_arise:find_bathhouse": {
    "criteria": {
      "location0": "2024-07-13 03:01:07 +0000"
    },
    "done": true
  },
  "dungeons_arise:find_abandoned_temple": {
    "criteria": {
      "location0": "2024-07-13 03:05:47 +0000"
    },
    "done": true
  },
  "nova_structures:adventure/find_all_illager_structures": {
    "criteria": {
      "illager_camp": "2024-07-13 03:12:22 +0000"
    },
    "done": false
  },
  "minecraft:adventure/sleep_in_bed": {
    "criteria": {
      "slept_in_bed": "2024-07-13 03:13:43 +0000"
    },
    "done": true
  },
  "minecraft:nether/root": {
    "criteria": {
      "entered_nether": "2024-07-13 03:54:32 +0000"
    },
    "done": true
  },
  "minecraft:story/enter_the_nether": {
    "criteria": {
      "entered_nether": "2024-07-13 03:54:32 +0000"
    },
    "done": true
  },
  "bygonenether:root": {
    "criteria": {
      "entered_nether": "2024-07-13 03:54:32 +0000"
    },
    "done": true
  },
  "minecraft:nether/explore_nether": {
    "criteria": {
      "minecraft:crimson_forest": "2024-07-13 03:54:41 +0000",
      "minecraft:nether_wastes": "2024-07-13 03:55:42 +0000",
      "minecraft:soul_sand_valley": "2024-07-13 03:54:33 +0000",
      "minecraft:basalt_deltas": "2024-07-16 04:43:26 +0000",
      "minecraft:warped_forest": "2024-07-16 04:25:34 +0000"
    },
    "done": true
  },
  "alexsmobs:alexsmobs/crimson_mosquito": {
    "criteria": {
      "killed_by": "2024-07-13 03:54:57 +0000"
    },
    "done": true
  },
  "alexsmobs:alexsmobs/soul_vulture": {
    "criteria": {
      "killed": "2024-07-13 03:55:52 +0000"
    },
    "done": true
  },
  "bygonenether:catacomb": {
    "criteria": {
      "in_catacomb": "2024-07-13 03:56:34 +0000"
    },
    "done": true
  },
  "bygonenether:explore_structures": {
    "criteria": {
      "in_catacomb": "2024-07-13 03:56:34 +0000"
    },
    "done": false
  },
  "tombstone:adventure/bone_crusher": {
    "criteria": {
      "coded_trigger": "2024-07-13 04:00:19 +0000"
    },
    "done": true
  },
  "tombstone:adventure/choose_knowledge": {
    "criteria": {
      "coded_trigger": "2024-07-13 04:15:50 +0000"
    },
    "done": true
  },
  "minecraft:husbandry/tame_an_animal": {
    "criteria": {
      "tamed_animal": "2024-07-13 04:31:23 +0000"
    },
    "done": true
  },
  "tombstone:adventure/strong_or_careful": {
    "criteria": {
      "coded_trigger": "2024-07-13 04:33:58 +0000"
    },
    "done": true
  },
  "tombstone:adventure/cancel_ghostly_shape": {
    "criteria": {
      "coded_trigger": "2024-07-13 04:34:04 +0000"
    },
    "done": true
  },
  "tombstone:adventure/enchant_grave_key": {
    "criteria": {
      "has_upgraded_grave_key": "2024-07-13 04:34:26 +0000"
    },
    "done": true
  },
  "tombstone:adventure/teleport_to_grave": {
    "criteria": {
      "coded_trigger": "2024-07-13 04:34:30 +0000"
    },
    "done": true
  },
  "lootr:100loot": {
    "criteria": {
      "loot_stat": "2024-07-13 04:42:25 +0000"
    },
    "done": true
  },
  "tombstone:adventure/use_mercy": {
    "criteria": {
      "has_magic_scroll": "2024-07-13 04:43:57 +0000"
    },
    "done": true
  },
  "tombstone:adventure/mutual_aid": {
    "criteria": {
      "coded_trigger": "2024-07-13 04:43:57 +0000"
    },
    "done": true
  },
  "minecraft:story/root": {
    "criteria": {
      "crafting_table": "2024-07-13 05:04:23 +0000"
    },
    "done": true
  },
  "dungeons_arise:find_mechanical_nest": {
    "criteria": {
      "location0": "2024-07-13 05:11:09 +0000"
    },
    "done": true
  },
  "lootr:1barrel": {
    "criteria": {
      "opened_barrel": "2024-07-13 05:25:30 +0000"
    },
    "done": true
  },
  "tombstone:adventure/chain_death": {
    "criteria": {
      "coded_trigger": "2024-07-13 05:37:37 +0000"
    },
    "done": true
  },
  "twilightforest:root": {
    "criteria": {
      "make_portal": "2024-07-16 02:52:23 +0000"
    },
    "done": true
  },
  "minecraft:adventure/lightning_rod_with_villager_no_fire": {
    "criteria": {
      "lightning_rod_with_villager_no_fire": "2024-07-16 02:52:24 +0000"
    },
    "done": true
  },
  "tombstone:adventure/use_preservation": {
    "criteria": {
      "has_magic_scroll": "2024-07-16 03:16:40 +0000"
    },
    "done": true
  },
  "dungeons_arise:find_typhon": {
    "criteria": {
      "location0": "2024-07-16 03:19:29 +0000"
    },
    "done": true
  },
  "minecraft:story/mine_stone": {
    "criteria": {
      "get_stone": "2024-07-16 03:29:26 +0000"
    },
    "done": true
  },
  "apotheosis:affix/mythic_gem": {
    "criteria": {
      "gem": "2024-07-16 03:30:56 +0000"
    },
    "done": true
  },
  "tombstone:adventure/create_familiar_receptacle": {
    "criteria": {
      "has_familiar_receptacle": "2024-07-16 03:30:56 +0000"
    },
    "done": true
  },
  "minecraft:story/form_obsidian": {
    "criteria": {
      "obsidian": "2024-07-16 03:33:06 +0000"
    },
    "done": true
  },
  "minecraft:nether/obtain_crying_obsidian": {
    "criteria": {
      "crying_obsidian": "2024-07-16 03:33:07 +0000"
    },
    "done": true
  },
  "nova_structures:nether/find_nether_skeleton": {
    "criteria": {
      "minecraft:fortress": "2024-07-16 04:22:09 +0000"
    },
    "done": false
  },
  "minecraft:nether/find_fortress": {
    "criteria": {
      "fortress": "2024-07-16 04:22:09 +0000"
    },
    "done": true
  },
  "minecraft:nether/obtain_blaze_rod": {
    "criteria": {
      "blaze_rod": "2024-07-16 04:22:52 +0000"
    },
    "done": true
  },
  "apotheosis:spawner/root": {
    "criteria": {
      "spawner": "2024-07-16 04:30:33 +0000"
    },
    "done": true
  },
  "minecraft:adventure/trade": {
    "criteria": {
      "traded": "2024-07-16 05:30:00 +0000"
    },
    "done": true
  },
  "artifacts:chest_slayer": {
    "criteria": {
      "kill_mimic": "2024-07-16 17:14:19 +0000"
    },
    "done": true
  },
  "create:rose_quartz": {
    "criteria": {
      "0": "2024-07-16 17:23:34 +0000"
    },
    "done": true
  },
  "alexscaves:alexscaves/root": {
    "criteria": {
      "underground_cabin": "2024-07-16 18:01:40 +0000"
    },
    "done": true
  },
  "quark:get_diamond_heart": {
    "criteria": {
      "get_diamond_heart": "2024-07-16 18:05:05 +0000"
    },
    "done": true
  },
  "quark:throw_pickarang": {
    "criteria": {
      "throw_pickarang": "2024-07-16 18:42:33 +0000"
    },
    "done": true
  },
  "create:copper": {
    "criteria": {
      "0": "2024-07-16 19:48:55 +0000"
    },
    "done": true
  },
  "immersive_melodies:misc/instruments": {
    "criteria": {
      "has_item": "2024-07-16 19:48:55 +0000"
    },
    "done": true
  },
  "iceandfire:iceandfire/kill_siren": {
    "criteria": {
      "killed_fire_dragon": "2024-07-16 19:55:29 +0000"
    },
    "done": true
  },
  "deeperdarker:main/kill_all_sculk_mobs": {
    "criteria": {
      "phantom": "2024-07-16 20:16:48 +0000"
    },
    "done": false
  },
  "create:andesite_alloy": {
    "criteria": {
      "0": "2024-07-16 21:41:17 +0000"
    },
    "done": true
  },
  "tombstone:adventure/neighborhood_brawl": {
    "criteria": {
      "coded_trigger": "2024-07-16 22:00:27 +0000"
    },
    "done": true
  },
  "create:burner": {
    "criteria": {
      "0": "2024-07-16 22:59:57 +0000"
    },
    "done": true
  },
  "create:andesite_casing": {
    "criteria": {
      "0": "2024-07-16 23:02:39 +0000"
    },
    "done": true
  },
  "create:belt": {
    "criteria": {
      "0": "2024-07-16 23:06:45 +0000"
    },
    "done": true
  },
  "create:brass": {
    "criteria": {
      "0": "2024-07-16 23:21:03 +0000"
    },
    "done": true
  },
  "create:brass_casing": {
    "criteria": {
      "0": "2024-07-16 23:21:11 +0000"
    },
    "done": true
  },
  "create:wrench_goggles": {
    "criteria": {
      "0": "2024-07-16 23:44:46 +0000",
      "1": "2024-07-17 02:14:41 +0000"
    },
    "done": true
  },
  "create:crushing_wheel": {
    "criteria": {
      "0": "2024-07-17 00:26:19 +0000"
    },
    "done": true
  },
  "create:steam_engine": {
    "criteria": {
      "0": "2024-07-17 00:35:33 +0000"
    },
    "done": true
  },
  "apotheosis:spawner/modifier": {
    "criteria": {
      "modifier": "2024-07-17 00:42:54 +0000"
    },
    "done": true
  },
  "create:mechanical_pump_0": {
    "criteria": {
      "0": "2024-07-17 03:02:13 +0000"
    },
    "done": true
  },
  "minecraft:story/lava_bucket": {
    "criteria": {
      "lava_bucket": "2024-07-17 02:29:34 +0000"
    },
    "done": true
  },
  "create:mechanical_arm": {
    "criteria": {
      "0": "2024-07-17 04:03:52 +0000"
    },
    "done": true
  },
  "create:stressometer": {
    "criteria": {
      "0": "2024-07-17 04:10:15 +0000"
    },
    "done": true
  },
  "create:chute": {
    "criteria": {
      "0": "2024-07-17 02:49:01 +0000"
    },
    "done": true
  },
  "create:funnel": {
    "criteria": {
      "0": "2024-07-17 02:49:01 +0000"
    },
    "done": true
  },
  "create:stressometer_maxed": {
    "criteria": {
      "0": "2024-07-17 04:23:12 +0000"
    },
    "done": true
  },
  "create:crafter_lazy_000": {
    "criteria": {
      "0": "2024-07-17 04:27:28 +0000"
    },
    "done": true
  },
  "create:mechanical_crafter": {
    "criteria": {
      "0": "2024-07-17 04:03:10 +0000"
    },
    "done": true
  },
  "create:speed_controller": {
    "criteria": {
      "0": "2024-07-17 04:08:49 +0000"
    },
    "done": true
  },
  "create:water_supply": {
    "criteria": {
      "0": "2024-07-17 03:02:13 +0000"
    },
    "done": true
  },
  "create:precision_mechanism": {
    "criteria": {
      "0": "2024-07-17 03:03:06 +0000"
    },
    "done": true
  },
  "DataVersion": 3465
}